Ville,noteMoyenneEtat
camacari,3.278688524590164
arapiraca,3.966666666666667
itaberaba,4.0
igrejinha,4.0
aguas de sao pedro,5.0
vermelho,5.0
pote,3.6666666666666665
jijoca de jericoacoara,4.25
barracao,3.0
iepe,4.0
divino das laranjeiras,3.0
divino de sao lourenco,5.0
bacaxa,4.0
redencao da serra,5.0
astolfo dutra,4.6923076923076925
itanhaem,4.15
brusque,4.383333333333334
boa vista,3.6
cachoeira paulista,4.4
guaranta,4.8
valente,4.777777777777778
sao joao da barra,4.0
ijui,4.346153846153846
guimaraes,5.0
castelo do piaui,3.0
martinopolis,4.375
buritama,3.5555555555555554
porto amazonas,5.0
perdigao,3.7142857142857144
cachoeira,4.75
sao romao,4.4
matelandia,5.0
crissiumal,4.5
cerro grande,5.0
coracao de jesus,4.666666666666667
uchoa,4.333333333333333
pareci novo,5.0
restinga seca,5.0
diorama,3.5
sao jose do hortencio,5.0
leandro ferreira,4.0
sambaiba,1.0
itaperucu,4.75
centro novo do maranhao,1.0
caparao,5.0
pacuja,2.0
paranapoema,5.0
ipupiara,5.0
carapicuiba,4.132930513595166
sao joao de meriti,3.6791044776119404
ipaussu,3.857142857142857
cocalinho,3.75
iracemapolis,4.444444444444445
garca,4.321428571428571
antonina,4.7
barras,4.333333333333333
delfinopolis,3.6666666666666665
fernando prestes,4.333333333333333
nova olinda,3.5
caico,4.6
monte azul paulista,4.631578947368421
sao benedito,4.0
breves,5.0
florai,5.0
jaborandi,4.0
serra dourada,5.0
pirpirituba,1.0
ribeira do amparo,3.0
araras,4.361702127659575
nova friburgo,3.6474358974358974
sao pedro da aldeia,3.9130434782608696
una,3.0
santa maria da vitoria,3.230769230769231
piuma,4.0588235294117645
piumhii,4.5
catende,4.714285714285714
vista alegre,1.0
orizona,3.6666666666666665
ibirama,4.769230769230769
rio branco do sul,4.166666666666667
jacutinga,3.789473684210526
campina da lagoa,3.3333333333333335
bom jardim de minas,3.75
camacan,4.666666666666667
bom jesus da serra,4.0
nova guataporanga,4.0
wagner,4.0
sao francisco de paula,4.714285714285714
milha,2.0
solanea,4.0
pedro afonso,4.333333333333333
maiquinique,5.0
salto do ceu,4.0
monte alegre,3.0
itatim,5.0
igarape-miri,1.0
mucurici,4.0
umburanas,5.0
arataca,5.0
montividiu do norte,5.0
rio formoso,4.5
sao joao da urtiga,5.0
sao joao,4.461538461538462
hidrolina,1.5
santo antonio do sudoeste,4.0
santa vitoria do palmar,4.416666666666667
esperanca,4.166666666666667
codo,3.625
santo anastacio,3.7058823529411766
brejoes,5.0
machadinho d'oeste,4.0
taquara,4.238095238095238
nova canaa paulista,3.0
santo antonio da alegria,4.333333333333333
iguape,4.857142857142857
traipu,4.0
sao jorge d'oeste,4.0
santos,4.173669467787115
itabuna,3.873015873015873
itapecerica da serra,3.9693877551020407
itabela,4.75
primavera,4.333333333333333
duartina,4.5
bom jesus do sul,5.0
pirai do sul,4.428571428571429
pimenteiras,5.0
sao jorge do oeste,4.0
paulo jacinto,5.0
pindorama,5.0
vera,3.3333333333333335
canaa,4.0
ibicuitinga,4.0
santa rosa do sul,1.0
ibitinga,4.545454545454546
capelinha,4.4
itapuranga,4.142857142857143
maracaju,4.461538461538462
soledade de minas,3.7142857142857144
ceu azul,3.857142857142857
nova esperanca,4.625
matinhos,4.592592592592593
rosario,5.0
farol,3.0
brejo grande,5.0
varjao de minas,2.5
mondai,4.5
salinas,4.318181818181818
alvarenga,4.5
jardim do serido,4.333333333333333
inconfidentes,4.5
rodolfo fernandes,3.0
muqui,4.25
barros cassal,5.0
general salgado,3.0
olho d'agua das cunhas,4.5
maristela,4.0
alto caparao,4.5
presidente juscelino,5.0
euclides da cunha,4.0
presidente lucena,5.0
pacaja,4.166666666666667
silvianopolis,5.0
franco da rocha,4.155963302752293
cuiaba,3.899193548387097
sertaozinho,4.238095238095238
ibiruba,4.095238095238095
itanhem,2.0
alagoinhas,4.2
astorga,4.571428571428571
euclides da cunha paulista,4.0
piritiba,4.166666666666667
palestina,4.6
pongai,4.75
brumadinho,4.576923076923077
mimoso de goias,5.0
conchas,3.9
guarara,4.5
galvao,4.0
sao domingos do prata,4.5
pedrao,4.0
lagoa do mato,5.0
macaparana,4.5
riachao das neves,5.0
jaboti,3.5
itagimirim,5.0
nova ubirata,5.0
palminopolis,5.0
ponto novo,1.0
rio grande,4.024
cotia,4.16
votorantim,4.294117647058823
marilia,4.2639593908629445
araruama,3.6103896103896105
sao jose da tapera,5.0
sao jose do egito,5.0
sao luiz gonzaga,3.8666666666666667
boa viagem,3.3333333333333335
piedade do rio grande,4.0
trairi,3.0
lagoa do piaui,5.0
sao pedro da uniao,5.0
santo antonio das queimadas,5.0
carajas,5.0
sao pedro do sul,5.0
estrela do indaia,5.0
suzano,4.177966101694915
piracaia,4.045454545454546
itabira,3.8354430379746836
conselheiro lafaiete,4.0
jacinto machado,4.5
guaranesia,4.222222222222222
benedito novo,3.1666666666666665
varzea da palma,4.454545454545454
sapeacu,3.0
ibimirim,3.3333333333333335
mairipotaba,5.0
floreal,5.0
protasio alves,4.5
pocao de pedras,5.0
monte verde,4.333333333333333
congonhinhas,4.0
oiapoque,5.0
fruta de leite,4.5
lavrinhas,5.0
alegrete do piaui,5.0
osvaldo cruz,4.625
araripina,3.5
macau,4.8
papucaia,4.5
miguel calmon,3.4
sardoa,5.0
acreuna,3.7142857142857144
redencao,3.3333333333333335
primeiro de maio,3.857142857142857
estrela,4.375
nova europa,4.625
venancio aires,4.384615384615385
taquarana,3.0
travessao,4.25
nantes,5.0
sao jose do rio claro,5.0
hulha negra,5.0
pedra menina,5.0
mucambo,4.0
pitanga de estrada,5.0
agua nova,5.0
sao luis,3.672316384180791
sao jose do norte,4.714285714285714
sapopema,4.5
aparecida,4.346153846153846
rio pardo,3.3333333333333335
quinta do sol,3.6666666666666665
taparuba,5.0
conceicao do almeida,4.0
vertentes,5.0
aramina,1.0
entre-ijuis,5.0
esperantinopolis,5.0
sao joao da parauna,5.0
dobrada,5.0
gabriel monteiro,3.0
bom retiro,5.0
pirapemas,4.0
ipiau,3.375
ourinhos,4.125
sao joao evangelista,4.285714285714286
santa mariana,4.75
grao mogol,5.0
divinolandia,4.0
arenapolis,5.0
pomerode,4.777777777777778
imbe de minas,4.0
chale,5.0
sao valentim,4.0
benevides,3.0
baixa grande do ribeiro,4.0
barro alto,5.0
nazare,4.0
boquira,4.0
galinhos,3.0
novo hamburgo,4.016129032258065
teresopolis,3.941666666666667
cacador,4.35
divino,4.285714285714286
monte santo de minas,4.444444444444445
santa barbara d'oeste,4.352941176470588
rafard,3.8
portao,4.2
conservatoria,4.0
catu de abrantes,3.5
caldas,4.6
almirante tamandare do sul,4.0
jaru,4.833333333333333
mariano moro,4.0
crixas,3.875
campos gerais,4.2
gastao vidigal,4.0
guaraquecaba,5.0
doutor mauricio cardoso,1.0
nova campina,4.5
santa izabel do oeste,4.5
novo brasil,4.0
salobro,5.0
urucuia,3.0
nova redencao,1.0
herveiras,5.0
limoeiro,4.285714285714286
antonio carlos,4.333333333333333
cerqueira cesar,3.5555555555555554
arace,3.75
santa ernestina,5.0
urania,3.5
oros,4.5
santa cruz do prata,4.5
extremoz,3.5
sao jose do goiabal,4.5
rio acima,4.875
abre campo,3.8333333333333335
potim,3.0
uruara,4.166666666666667
novo machado,4.0
capoeiras,1.0
engenheiro balduino,5.0
ministro andreazza,5.0
alpestre,4.0
araucaria,3.9444444444444446
atibaia,4.2075471698113205
toledo,4.084507042253521
rio negro,4.0
aracoiaba da serra,4.7272727272727275
tres marias,4.142857142857143
ananindeua,3.933333333333333
vila rica,3.6666666666666665
barra do tarrachil,4.0
cristalina,3.875
caririacu,4.5
mateus leme,3.3333333333333335
mirante do paranapanema,5.0
imbituva,4.5
turvolandia,4.0
coimbra,2.0
rondon,3.0
alvorada d'oeste,3.0
xapuri,5.0
america dourada,1.0
claraval,5.0
botelhos,4.375
ibirapua,5.0
ilheus,3.7083333333333335
paraguacu paulista,4.6
barra velha,3.9375
jaguaribe,4.4
cachoeira de pajeu,4.0
coaraci,4.75
goiana,4.538461538461538
varzea,5.0
bandeirantes do tocantins,4.5
jaqueira,4.666666666666667
caetanos,1.0
presidente nereu,2.0
mogi das cruzes,4.140625
pelotas,4.175531914893617
divinopolis,4.124087591240876
loanda,4.846153846153846
lagoa de velhos,4.0
guaraniacu,2.8
gandu,3.5
santana do araguaia,4.666666666666667
ipojuca,3.611111111111111
rio novo,4.5
engenheiro paulo de frontin,3.5
americo brasiliense,3.9411764705882355
caturama,5.0
serrana,4.076923076923077
ibiraiaras,4.0
nova santa rita,4.333333333333333
castanheiras,5.0
cananeia,4.25
azurita,4.333333333333333
sao vitor,5.0
bento de abreu,5.0
iacri,4.0
tanque novo,4.333333333333333
lunardelli,3.0
francisco dantas,5.0
lavras da mangabeira,4.0
caravelas,4.666666666666667
pires do rio,4.230769230769231
mogi mirim,4.215189873417722
sao gotardo,3.65
presidente bernardes,4.166666666666667
sao francisco de itabapoana,4.466666666666667
papanduva,4.5
itaguacu da bahia,1.0
laguna,4.0625
conceicao do para,4.333333333333333
sao jose do ouro,4.6
santa filomena,4.0
santa maria de itabira,3.5
fervedouro,4.625
tibagi,4.5
puxinana,4.0
cabeceiras,5.0
tuparendi,5.0
ilicinea,4.0
graccho cardoso,5.0
trindade,4.142857142857143
contagem,3.9509345794392523
sao jose da coroa grande,4.0
bilac,3.5555555555555554
santa rosa,4.235294117647059
itupeva,3.4545454545454546
garopaba,4.416666666666667
presidente dutra,3.8666666666666667
sao bento do una,2.6
campo alegre,4.0
promissao,4.375
riacho da cruz,5.0
castelandia,4.8
apiuna,3.857142857142857
itapissuma,5.0
santo antonio do canaa,5.0
santa teresinha,5.0
arame,3.0
messias targino,5.0
campos verdes,5.0
campos dos goytacazes,3.9453781512605044
guariba,4.785714285714286
sapucaia do sul,3.95
camutanga,2.6666666666666665
barcarena,3.3333333333333335
salesopolis,3.6
lagarto,3.8181818181818183
quedas do iguacu,4.0
sao joao batista do gloria,4.666666666666667
almino afonso,4.0
jaguaribara,5.0
aragoiania,4.0
bom jesus do tocantins,3.6666666666666665
pedregulho,2.5
urucui,4.75
sertao,4.0
narandiba,4.5
engenheiro navarro,5.0
oleo,5.0
padre gonzales,5.0
sao joao de pirabas,3.0
bocaiuva do sul,5.0
jardim abc de goias,5.0
sao bernardo do campo,4.248677248677248
ariquemes,4.076923076923077
brumado,4.318181818181818
alfredo chaves,4.0
campo mourao,4.089285714285714
quissama,3.4615384615384617
alto paraiso de goias,3.888888888888889
itapipoca,3.909090909090909
monte belo,5.0
varzea grande,3.761904761904762
boa vista do sul,4.0
bom jesus do galho,5.0
acopiara,4.857142857142857
patrocinio do muriae,2.5
julio de castilhos,4.1
moreilandia,5.0
rancho alegre,3.0
governador dix-sept rosado,5.0
oeiras,3.6666666666666665
campo florido,4.0
riqueza,4.666666666666667
capinzal do norte,3.0
pombos,5.0
tunapolis,5.0
cariacica,4.01418439716312
rondonopolis,4.08955223880597
juti,4.0
alexania,4.2
constantina,5.0
bonito,4.0588235294117645
conchal,4.315789473684211
bela vista de minas,4.0
igreja nova,4.0
campinas do sul,4.5
fazenda nova,4.0
pinhal da serra,5.0
coronel murta,5.0
angical,2.0
sao felipe,3.0
senador la rocque,4.0
jaquirana,4.0
vila reis,4.0
areia branca,4.666666666666667
itajai,4.0
tres lagoas,3.7142857142857144
poxoreu,5.0
arapora,4.6
cedro,5.0
itamarandiba,3.375
iacu,4.5
marinopolis,4.5
marmeleiro,4.428571428571429
serra negra,4.285714285714286
alfredo marcondes,5.0
nova vicosa,5.0
sao domingos,4.0
cameta,3.5
candido de abreu,4.75
cocal,3.5
barra de santo antonio,4.5
pedreiras,5.0
araponga,3.0
romelandia,3.0
jaguaruana,3.75
ipuiuna,3.0
jaguarembe,4.0
terra nova,5.0
areiopolis,5.0
santo antonio do leste,5.0
sao sebastiao do paraiba,5.0
sobral,3.7777777777777777
pindamonhangaba,4.405940594059406
capim grosso,3.8
lambari,4.0
santaluz,4.666666666666667
pirajui,4.416666666666667
arembepe,1.0
barra de guabiraba,5.0
roncador,4.0
jussiape,5.0
nossa senhora de caravaggio,3.0
lagoinha do piaui,4.0
itabirinha,5.0
mussurepe,4.0
santana do itarare,4.0
ceilandia,5.0
aurora do para,5.0
fortaleza,3.802752293577982
francisco morato,4.22
carai,5.0
monte mor,3.725
anastacio,5.0
simonesia,4.2
cariri do tocantins,5.0
dianopolis,4.142857142857143
flores da cunha,4.5
cabo verde,5.0
serra azul de minas,4.5
corrego danta,1.0
canto do buriti,5.0
pejucara,4.0
roque gonzales,4.8
selbach,4.0
sao felix,5.0
major porto,4.0
pinhotiba,5.0
antonio martins,4.0
varre-sai,3.75
gravata,3.909090909090909
boa esperanca,4.476190476190476
santarem,3.0681818181818183
lupionopolis,5.0
nepomuceno,4.555555555555555
sao jose de ribamar,3.4285714285714284
coxilha,3.5
lavras do sul,4.666666666666667
tres cachoeiras,4.857142857142857
pocrane,3.6666666666666665
santa rita do itueto,5.0
joselandia,5.0
itarana,3.6666666666666665
porto de pedras,5.0
ipigua,3.5
erere,5.0
doverlandia,4.5
mutum parana,5.0
ituiutaba,4.385964912280702
santiago,4.884615384615385
santa rosa de viterbo,4.0
anage,5.0
cerejeiras,5.0
castilho,4.181818181818182
ivaipora,4.142857142857143
pureza,5.0
sao joao do sul,4.5
mampituba,5.0
passagem,5.0
pinheiro,4.5
grandes rios,5.0
perobal,5.0
amapa do maranhao,5.0
ajapi,4.0
montanhas,4.0
barueri,4.142857142857143
sao bento do sapucai,4.714285714285714
mage,4.0
praia grande,4.116352201257862
colatina,3.923076923076923
nova mutum,4.2
extrema,3.8181818181818183
sao jose do xingu,5.0
jussari,5.0
sao joao do paraiso,3.8333333333333335
sao bentinho,5.0
curralinho,5.0
pau d'arco,3.0
acucena,1.0
vicentinopolis,5.0
salto grande,5.0
uberlandia,4.263297872340425
timbo,3.85
manaus,4.198581560283688
espigao do oeste,4.333333333333333
firminopolis,3.4285714285714284
gramado,4.166666666666667
santo antonio de padua,4.03125
olimpia,4.052631578947368
barra de sao francisco,3.9166666666666665
nova independencia,4.0
santa cruz cabralia,3.0
pilar do sul,4.5
deputado irapuan pinheiro,3.6666666666666665
caratinga,4.080645161290323
guabiruba,3.8
pesqueira,4.666666666666667
caconde,4.2
ampere,4.636363636363637
lidice,1.0
capim branco,5.0
duas barras,1.0
paraibano,3.3333333333333335
pereiras,5.0
sao luiz do norte,5.0
marcos parente,5.0
dias d'avila,4.125
canarana,3.727272727272727
carmo do paranaiba,4.375
vacaria,4.217391304347826
hidrolandia,4.25
vila dos cabanos,3.5
encantado,4.636363636363637
porciuncula,4.25
novo cabrais,5.0
sao roque do canaa,3.8
aroeiras,1.0
guaratuba,4.111111111111111
santo amaro de campos,3.8333333333333335
guadalupe,3.75
taquarivai,5.0
tenente ananias,4.0
tiangua,3.4444444444444446
viradouro,4.611111111111111
ubata,2.5
abdon batista,5.0
sabinopolis,3.3333333333333335
mato rico,5.0
pinhalao,4.714285714285714
barao do triunfo,4.0
florinia,5.0
jaragua,4.714285714285714
carmo do rio verde,5.0
altinopolis,5.0
carlinda,5.0
acari,5.0
boa ventura,3.0
fonseca,5.0
alagoinha,4.0
vespasiano correa,4.0
sao rafael,5.0
camboriu,4.25
concordia,3.94
pitangueiras,3.4444444444444446
candeias,3.782608695652174
mata roma,4.666666666666667
surubim,4.8
ipubi,3.6666666666666665
silvania,4.0
carius,3.6666666666666665
cruzalia,3.6666666666666665
nova soure,4.0
aguas de santa barbara,3.3333333333333335
itabi,3.0
americano do brasil,5.0
goiandira,5.0
bertopolis,4.0
gramado dos loureiros,5.0
mogi-mirim,4.5
porto esperidiao,5.0
santo antonio do caiua,5.0
bom jesus da penha,5.0
santa isabel do ivai,4.666666666666667
pirapora do bom jesus,4.375
bom sucesso,4.6
corupa,4.5
rubineia,1.0
volta grande,2.5
piau,4.5
ibicoara,4.666666666666667
ipiacu,4.666666666666667
rubelita,5.0
sao jose da laje,4.0
santa maria da boa vista,4.5
santo expedito,5.0
lebon regis,2.0
vila pereira,5.0
pontao,5.0
nova bassano,5.0
parnamirim,4.21875
teixeira de freitas,4.103448275862069
regeneracao,3.5
santa rita do passa quatro,4.5
lagoinha,4.666666666666667
senador firmino,4.5
paulo frontin,4.0
divinopolis de goias,5.0
santana do serido,4.0
campo novo,4.0
sapezal,4.0
campos sales,4.75
ipaba,3.625
fronteira,4.666666666666667
gameleira,3.5
guiricema,4.0
mocajuba,4.0
sao miguel das matas,5.0
coronel sapucaia,5.0
valentim gentil,4.666666666666667
arara,5.0
elisiario,5.0
ponta pora,4.238095238095238
cajueiro,4.0
machado,4.619047619047619
santa cruz das palmeiras,4.333333333333333
novo gama,3.75
paracuru,3.0
otacilio costa,4.4
granja,3.2
alta floresta d'oeste,3.3333333333333335
mirinzal,4.666666666666667
fatima do sul,5.0
santo antonio do aracangua,4.0
desterro do melo,5.0
muniz freire,5.0
uniao,5.0
planaltina do parana,5.0
pedras de fogo,3.0
coronel freitas,3.0
morro agudo de goias,4.0
capitao eneas,5.0
borrazopolis,5.0
flores,2.5
sete de setembro,5.0
vitoria do mearim,3.0
itape,5.0
monteiro lobato,1.0
curral de cima,5.0
guaiuba,5.0
faxinal,4.444444444444445
victor graeff,4.5
janauba,3.9411764705882355
batatais,3.9642857142857144
luis antonio,4.285714285714286
viana,4.269230769230769
parnaiba,4.217391304347826
nova alvorada do sul,3.3333333333333335
santana do livramento,4.2
jaguare,4.357142857142857
candido mota,4.4375
colombia,4.6
parisi,5.0
joao alfredo,5.0
sao joao do manteninha,5.0
assai,4.333333333333333
pacoti,4.5
cotriguacu,3.0
santa lucia,5.0
ribeirao claro,4.8
capitao poco,3.6666666666666665
ibitioca,5.0
segredo,5.0
carutapera,2.0
maringa,4.051470588235294
juiz de fora,4.1782407407407405
agua doce do norte,4.25
lages,4.329411764705882
juina,4.647058823529412
pinhais,4.173913043478261
ubatuba,3.896103896103896
turvo,4.0
juscimeira,4.0
ji-parana,4.235294117647059
matupa,4.0
nova prata,4.375
pinhao,4.6
quatis,3.8
castelo,3.888888888888889
presidente janio quadros,5.0
mutuipe,4.75
ubaitaba,4.25
cerro largo,4.571428571428571
rifaina,4.5
sao pedro de alcantara,5.0
guimarania,4.0
penaforte,4.5
abrantes,4.0
sao lourenco do piaui,3.0
morro de sao paulo,4.0
aquiraz,3.0
dona francisca,5.0
santa rita de jacutinga,5.0
entre rios de minas,3.5714285714285716
bela vista do paraiso,2.0
cipo,4.0
olindina,3.6666666666666665
kalore,4.5
cezarina,5.0
alcinopolis,4.5
sao jose do cedro,3.8
madre de deus,3.2857142857142856
piedade,4.130434782608695
pirapetinga,4.0
breu branco,3.0
mambore,3.625
pompeu,4.090909090909091
careacu,3.0
santa monica,3.5
cambara do sul,5.0
reserva do iguacu,5.0
francisco dumont,4.5
agua clara,3.5
itaguai,3.9375
guararapes,4.368421052631579
itanhandu,3.857142857142857
currais novos,2.625
itamonte,4.090909090909091
estiva gerbi,4.75
taquaritinga do norte,4.25
arceburgo,4.714285714285714
vila valerio,4.5
caetanopolis,4.375
sao geraldo da piedade,3.0
bertolinia,5.0
itariri,3.5
charrua,3.0
itamogi,5.0
jatoba,4.0
palhano,5.0
miraguai,3.0
campinas,4.068181818181818
cacapava,4.16
palmares,3.5555555555555554
sao jose da lapa,3.875
jussara,3.25
imbituba,4.205882352941177
costa rica,3.9166666666666665
ituporanga,3.533333333333333
mirai,4.444444444444445
piripiri,4.285714285714286
clementina,5.0
chorozinho,4.0
barra do mendes,5.0
osvaldo kroeff,5.0
japaraiba,5.0
alto alegre do pindare,5.0
valparaiso,3.888888888888889
caraibas,5.0
ibiajara,1.0
jataizinho,1.0
maceio,3.6048387096774195
paracatu,4.142857142857143
almenara,4.214285714285714
sao sebastiao,3.918032786885246
petrolandia,4.4375
guanambi,3.736842105263158
curitibanos,3.9523809523809526
ibirataia,5.0
espumoso,4.142857142857143
espera feliz,4.315789473684211
nazare paulista,4.0
tremembe,4.2894736842105265
uruana,4.0
ruy barbosa,3.5714285714285716
santa cruz,3.1666666666666665
general carneiro,4.0
sao joao da ponte,5.0
florestopolis,5.0
santa teresa,3.6
silveiras,5.0
tracuateua,4.0
candido mendes,1.0
frei rogerio,5.0
inaja,4.25
cristinapolis,5.0
pindai,4.5
lagoa real,5.0
capela do alto alegre,1.0
divisa nova,1.0
ipiranga do sul,3.0
serro,3.0
cosmopolis,4.134615384615385
ipero,4.222222222222222
cabreuva,3.8333333333333335
jaguariuna,4.048387096774194
macaiba,3.6
tobias barreto,4.5
nova alvorada,4.333333333333333
neropolis,4.428571428571429
jequia da praia,4.5
jesupolis,5.0
urucania,5.0
mauriti,5.0
brasileia,5.0
laranja da terra,4.0
jaragua do sul,4.044943820224719
avare,4.109375
mossoro,3.8378378378378377
nova cruz,5.0
serranopolis de minas,5.0
luziania,4.393939393939394
itapage,3.0
mercedes,1.0
mozarlandia,4.714285714285714
aratuba,3.5
sao tomas de aquino,3.0
jacaraci,4.0
jequitiba,3.5
amaraji,4.5
paripueira,4.0
vitorino,5.0
cambiasca,3.0
recreio,3.3333333333333335
cumaru,3.0
magalhaes de almeida,4.0
nova crixas,5.0
varzea do poco,4.0
paulista,3.6904761904761907
corbelia,4.333333333333333
boqueirao do leao,4.0
bom jesus do araguaia,5.0
mutum,4.25
sao fidelis,4.391304347826087
salto da divisa,2.5
santa luzia do parua,1.0
goianesia,3.8333333333333335
rancho alegre d'oeste,4.0
serranopolis,5.0
cruzeiro do iguacu,3.0
sao jose do inhacora,5.0
figueira,5.0
colonia castrolanda,4.0
ataleia,3.6666666666666665
carnaiba do sertao,5.0
treviso,5.0
pinto bandeira,1.0
itapiuna,5.0
embu das artes,4.066666666666666
poa,4.080459770114943
comendador levy gasparian,3.7142857142857144
paulo afonso,4.15
coroata,5.0
balneario pinhal,4.444444444444445
tres arroios,4.666666666666667
presidente kubitschek,3.0
campanario,4.5
sao manuel,4.666666666666667
bela vista,4.333333333333333
pereiro,4.666666666666667
iguatama,5.0
condeuba,5.0
gravatal,5.0
jacuizinho,5.0
bandeirantes d'oeste,5.0
paraiso do sul,5.0
murutinga do sul,5.0
santa cruz de salinas,5.0
coari,5.0
alcantara,3.0
capivari do sul,2.0
sao jose dos pinhais,4.007518796992481
jundiai,4.134275618374558
caceres,4.28
itatiba,4.154639175257732
aparecida do taboado,4.285714285714286
claudio,3.772727272727273
tucunduva,5.0
nova londrina,4.222222222222222
jaci,5.0
garibaldi,4.2
natividade,4.222222222222222
xexeu,5.0
pedro gomes,5.0
miraima,4.5
ubai,3.0
cascavel,4.091503267973856
vargem grande paulista,4.068181818181818
ibiam,4.25
parauapebas,4.148148148148148
vila nova,4.5
capitolio,4.0
angelo frechiani,5.0
igarape,3.272727272727273
tres passos,3.8181818181818183
morro redondo,5.0
alto jequitiba,3.75
joaquim nabuco,2.25
japura,3.8
jari,5.0
paranapua,3.0
leopoldo de bulhoes,4.0
sao miguel do guama,4.4
riachuelo,4.0
serra branca,4.0
agua preta,4.0
missao velha,5.0
pocos de caldas,3.9672131147540983
cambuci,3.875
congonhas,4.2
medianeira,3.652173913043478
pains,2.3333333333333335
sabara,4.119047619047619
bocaiuva,4.230769230769231
bandeira,2.3333333333333335
santa cruz do timbo,4.0
itaocara,4.375
sao cristovao,5.0
guarda-mor,4.5
agronomica,4.0
manaira,4.0
antonio prado de minas,3.0
elisio medrado,4.5
gentio do ouro,5.0
merces,3.75
dom basilio,5.0
alegria,3.0
candoi,5.0
floresta do araguaia,5.0
salto de pirapora,4.0
duque de caxias,3.7602996254681647
senhor do bonfim,4.157894736842105
iturama,4.066666666666666
tangua,3.8333333333333335
uruguaiana,4.469387755102041
salto do lontra,3.75
carandai,4.181818181818182
tupassi,5.0
tapejara,4.7272727272727275
remanso,4.2
cantanhede,5.0
santo antonio das missoes,4.75
quixere,1.6666666666666667
sao jose dos cordeiros,5.0
pouso redondo,4.0
morro agudo,4.3
ubirata,5.0
biritiba-mirim,4.9
senador amaral,2.0
marilena,5.0
campo magro,5.0
pindoretama,2.0
itapicuru,3.0
leoberto leal,1.0
atilio vivacqua,1.0
paraiba do sul,3.7222222222222223
santa maria,4.186868686868687
campina grande,4.102941176470588
bertioga,3.92
itabaianinha,3.0
glaura,3.0
nova prata do iguacu,4.5
taruma,4.222222222222222
jesuitas,3.75
aimores,4.1
lagoa grande,5.0
sao lourenco da mata,3.75
itapiranga,3.9166666666666665
pilao arcado,4.25
goianorte,4.5
sao miguel do iguacu,4.6
saude,1.0
pombal,5.0
mariluz,3.5
aurilandia,4.0
morpara,5.0
itaitinga,4.0
santa fe de minas,5.0
bugre,4.0
mato leitao,4.5
heliopolis,5.0
amanari,5.0
travesseiro,4.0
campo alegre de lourdes,5.0
tumiritinga,4.0
parati,3.769230769230769
cajuru,3.5555555555555554
capao da canoa,4.2631578947368425
barbalha,4.5
gramado xavier,4.0
eldorado,4.142857142857143
croata,5.0
pinheiro machado,4.8
japuiba,3.4
bady bassitt,3.7142857142857144
areado,4.0
werneck,3.0
serra dos dourados,5.0
lagoa dos tres cantos,4.0
monte formoso,5.0
florida paulista,4.25
igaci,2.0
fazenda vilanova,4.0
virgolandia,5.0
alto santo,4.0
assare,5.0
caem,5.0
dona emma,5.0
itacurussa,1.0
centenario,5.0
bom jesus,4.2
itapetinga,4.5
aracruz,3.707317073170732
vitoria da conquista,3.946236559139785
sao miguel do gostoso,2.5
eneas marques,4.25
capivari de baixo,4.8
serra de sao bento,5.0
conceicao da ibitipoca,5.0
dona euzebia,4.5
alexandrita,1.0
guatapara,5.0
datas,5.0
onda verde,4.0
ibarama,4.0
caxingo,4.0
anaurilandia,5.0
rio bananal,3.75
castro,4.136363636363637
queluz,4.0
itacare,3.75
nova xavantina,4.3
campos altos,4.2
vargem alta,4.2
rio do campo,5.0
sao sebastiao da boa vista,4.0
santa cruz do capibaribe,3.230769230769231
santana do ipanema,5.0
tres coroas,4.833333333333333
fortaleza dos valos,1.0
itapura,3.8333333333333335
terra de areia,4.6
ararica,4.0
erico cardoso,5.0
cabixi,4.0
cacimbinhas,1.0
brasopolis,5.0
colombo,4.129032258064516
bonito de santa fe,5.0
formosa do oeste,1.0
ortigueira,4.875
lagoa formosa,4.285714285714286
japaratuba,4.0
caibate,3.0
monte gordo,3.0
wenceslau guimaraes,4.0
porto lucena,4.0
ourilandia do norte,4.4
guassusse,5.0
paranhos,5.0
crucilandia,5.0
nova santa barbara,4.0
serrinha,4.066666666666666
maua,4.1419753086419755
castanhal,3.8181818181818183
carmo do rio claro,4.555555555555555
palmeira,3.8125
palmeira das missoes,4.764705882352941
pereira barreto,4.421052631578948
curiuva,5.0
mirante da serra,4.0
sapucai-mirim,2.75
pimenta bueno,3.375
buenos aires,4.5
santa barbara do sul,5.0
biritinga,2.0
chapadao do sul,3.5
colinas do tocantins,4.333333333333333
sao jose da vitoria,5.0
itaquitinga,4.0
pontes gestal,3.0
lagoa salgada,5.0
monte alverne,5.0
sao jose do ribeirao,3.0
braunas,3.0
acegua,5.0
caputira,4.5
osasco,4.159786950732357
para de minas,4.243243243243243
petrolina,4.230769230769231
trajano de moraes,3.0
conceicao dos ouros,4.75
agua branca,4.2
santana do paraiso,4.25
vere,4.333333333333333
alto alegre do iguacu,4.5
santana do acarau,3.75
regente feijo,4.7
abelardo luz,2.5
materlandia,4.5
placas,3.0
perola d'oeste,4.5
anhembi,5.0
chapada do norte,4.0
nilopolis,3.878504672897196
nova araca,5.0
bezerros,4.454545454545454
itamari,4.0
buri,4.4
luiziania,5.0
acu,3.6666666666666665
ielmo marinho,5.0
novo cruzeiro,4.444444444444445
arandu,3.75
frei martinho,4.5
goncalves,5.0
agrolandia,4.0
guabiju,5.0
balsa nova,5.0
passira,4.0
cruz das almas,4.277777777777778
sao joao da boa vista,4.280487804878049
pitangui,4.2727272727272725
lindoia,4.777777777777778
correia pinto,4.090909090909091
sananduva,4.166666666666667
itubera,4.666666666666667
morrinhos,3.611111111111111
aguas mornas,5.0
brodowski,3.3
grajau,5.0
corrente,2.5
boa vista das missoes,4.0
mombuca,3.3333333333333335
perola independente,5.0
coroaci,4.5
celso ramos,4.5
rodeiro,4.333333333333333
pitimbu,5.0
santo antonio da patrulha,4.705882352941177
aperibe,3.769230769230769
ipiranga,3.25
canoinhas,4.111111111111111
floresta,3.272727272727273
tambau,4.1
quatro barras,3.8333333333333335
areal,4.0
nova era,4.333333333333333
araguatins,4.6
palmitinho,4.0
corumba de goias,5.0
ulianopolis,4.0
araguacu,4.0
alpercata,4.5
elias fausto,4.0
santa quiteria,4.2
ourizona,4.0
chopinzinho,4.5
itanhomi,3.5
patu,4.666666666666667
campanha,3.0
varzea alegre,2.5
jacigua,5.0
coronel domingos soares,5.0
quarai,4.25
amontada,5.0
poco redondo,5.0
felicio dos santos,1.0
bela vista do maranhao,2.0
nova venecia,4.684210526315789
cortes,5.0
formosa,3.7941176470588234
carmo,3.6153846153846154
arraias,4.5
dores de guanhaes,1.0
pompeia,3.823529411764706
alto parana,4.5
mutunopolis,5.0
queimadas,3.0
sonora,5.0
sao lourenco do oeste,4.090909090909091
sao goncalo do sapucai,3.5
sertanopolis,4.0
barao de juparana,4.0
bueno brandao,4.0
guapiara,4.333333333333333
barrocas,5.0
itaju do colonia,4.0
recife,3.9098228663446055
sao pedro,3.9166666666666665
canoas,3.9624413145539905
agua fria de goias,5.0
araguari,4.363636363636363
serra,3.8916083916083917
queimados,3.9444444444444446
igarassu,3.5384615384615383
santa tereza do oeste,4.0
chapada dos guimaraes,3.0
balneario rincao,4.666666666666667
itapitanga,4.666666666666667
nova aurora,4.75
tapiratiba,4.166666666666667
rianapolis,3.75
inhapi,3.0
alto alegre,5.0
entre folhas,5.0
turvania,5.0
ribeiro junqueira,3.0
conselheiro mairinck,5.0
lagoa nova,4.5
pirai do norte,4.0
xaxim,4.3
guacui,4.125
dom eliseu,4.8
perdizes,4.375
central,5.0
sobralia,4.0
novo oriente,3.3333333333333335
capao bonito,4.392857142857143
palmital,4.190476190476191
monte alegre do sul,4.333333333333333
orindiuva,3.8
nova ponte,4.0
sanharo,4.333333333333333
jarinu,4.0
cristais paulista,4.5
barroso,3.6363636363636362
potengi,4.5
belo campo,5.0
inimutaba,3.0
boca da mata,4.0
posto da mata,3.25
sao jose dos quatro marcos,4.5
dom cavati,2.0
moncoes,3.5
pradopolis,4.7
campos novos,4.214285714285714
sao lourenco do sul,3.9285714285714284
alto alegre do maranhao,5.0
witmarsum,5.0
bom jesus das selvas,3.5
angelina,4.0
riacho das almas,4.5
bocaina,4.857142857142857
ubaporanga,5.0
itaituba,4.666666666666667
guaraciaba,4.333333333333333
lutecia,5.0
jabora,3.5
lagoa d'anta,5.0
curvelo,3.522727272727273
gurupi,4.5
itajobi,4.2
ipameri,4.0
riversul,4.0
caldas novas,3.7222222222222223
abaete,4.166666666666667
umburatiba,5.0
avanhandava,4.142857142857143
serio,3.0
sao sebastiao do alto,3.25
sao sebastiao do rio verde,5.0
irai,5.0
portalegre,3.5
nova boa vista,4.0
praia norte,3.0
guaraciaba do norte,4.75
anitapolis,5.0
salinas da margarida,5.0
pirambu,3.0
alianca do tocantins,5.0
teresina de goias,4.0
rio espera,4.0
itiquira,5.0
siriji,5.0
salgueiro,4.235294117647059
patrocinio,3.851063829787234
quirinopolis,4.285714285714286
balsas,3.5294117647058822
putinga,4.5
guanhaes,4.222222222222222
santa rita,4.0
satuba,5.0
armazem,4.0
ressaquinha,5.0
tres forquilhas,4.0
conceicao da feira,2.5
barra do ribeiro,4.8
pirapo,5.0
novais,5.0
sao miguel dos campos,4.5
caiana,4.333333333333333
alexandra,5.0
cha grande,5.0
terenos,4.0
cambe,4.296296296296297
paranagua,3.75
olinda,4.0
jaboticabal,4.055555555555555
santa maria madalena,4.0
getulina,3.5
mojui dos campos,5.0
piraquara,4.285714285714286
capitao,4.0
lontras,4.666666666666667
iracema,2.5
boninal,4.0
cristopolis,3.5
guzolandia,4.0
arari,4.5
medicilandia,4.0
birigui,4.333333333333333
rosario do sul,3.5
itapira,4.2
joao monlevade,4.423076923076923
sao bernardo,4.666666666666667
abreu e lima,3.727272727272727
malacacheta,3.7142857142857144
braco do norte,3.9
santana dos montes,2.5
muzambinho,4.111111111111111
montezuma,3.5
gilbues,5.0
ibiracatu,5.0
casa branca,4.615384615384615
lagoa de sao francisco,5.0
inocencia,5.0
fragosos,4.0
novo mundo,5.0
barrolandia,5.0
berizal,5.0
santo inacio,4.0
sao carlos,4.223140495867769
feira de santana,4.048387096774194
jaboatao dos guararapes,3.948148148148148
muriae,4.40625
eusebio,3.923076923076923
sao joao do manhuacu,3.5
limoeiro do norte,3.4166666666666665
ilhabela,4.239130434782608
chorrocho,4.0
maracas,4.2
ipora do oeste,4.0
aragarcas,3.0
montanha,3.9
aguas lindas de goias,4.25
cuite velho,5.0
vilhena,3.888888888888889
aquidaba,5.0
bataypora,4.5
palotina,4.7
divisa alegre,4.5
nova mamore,4.0
jenipapo de minas,3.0
piata,3.5
uibai,4.5
serafina correa,4.222222222222222
sao jose do barreiro,4.333333333333333
mundo novo,4.666666666666667
gouveia,2.25
candeal,1.0
conceicao do jacuipe,2.3333333333333335
belmonte,1.5
peixe,4.0
varzea nova,5.0
rio brilhante,4.818181818181818
entre rios,4.333333333333333
leopoldina,4.352941176470588
rio branco,3.945945945945946
lavras,3.880952380952381
nanuque,4.2
teutonia,4.571428571428571
arapoema,5.0
ibema,5.0
iguatu,4.066666666666666
carneirinho,2.6666666666666665
camaqua,3.8461538461538463
morro da fumaca,5.0
macatuba,4.333333333333333
bonito de minas,4.0
belo vale,4.666666666666667
buriti alegre,5.0
pindare mirim,3.6666666666666665
santo antonio de jesus,3.8666666666666667
ituverava,4.133333333333334
dois irmaos,4.0
estancia velha,4.4
cristina,3.5
trombudo central,3.8
carapebus,4.0
santa quiteria do maranhao,3.0
araguaia,5.0
nova hartz,2.3333333333333335
alagoa grande,5.0
pedra,3.6666666666666665
nova guarita,5.0
sao miguel do anta,1.0
silveira martins,5.0
macieira,2.0
cubatao,4.325
macaubas,3.3333333333333335
arcos,4.12
dumont,3.75
xinguara,3.6666666666666665
cajati,4.125
itabaiana,3.5
nipoa,5.0
amargosa,5.0
calcado,5.0
piquete,5.0
barra da estiva,4.25
santa helena de minas,5.0
cachoeira dourada,4.666666666666667
carlos chagas,3.3333333333333335
sao joao do itaperiu,1.0
francisco sa,4.333333333333333
massaranduba,4.0
sao jorge do patrocinio,5.0
barra do choca,4.333333333333333
campina do monte alegre,4.5
abare,2.0
carmesia,5.0
tamboara,5.0
sao caetano do sul,4.2671480144404335
fraiburgo,4.066666666666666
marica,3.893617021276596
pedreira,4.083333333333333
campina grande do sul,3.9
catanduva,3.986666666666667
frutal,4.269230769230769
rio do sul,3.6
santana do mundau,3.0
ilopolis,3.3333333333333335
cacule,3.6666666666666665
girau do ponciano,5.0
irape,3.5
porto estrela,5.0
herval,2.5
montauri,5.0
avelino lopes,4.5
novo progresso,3.6
cujubim,5.0
jequeri,1.0
juruti,5.0
parnarama,4.0
banzae,3.0
chapadao do lageado,1.0
campos de julio,4.0
anapolis,4.079646017699115
tabatinga,3.2
formosa da serra negra,4.0
cristalandia,2.3333333333333335
caxias,4.3125
planalto,4.222222222222222
iguai,3.5
barreiros,4.0
sao joao dos patos,4.0
durande,4.5
ronda alta,4.0
matrincha,2.5
santa ines,3.8
cruzeiro do sul,4.428571428571429
dois corregos,4.545454545454546
piranga,4.25
esplanada,4.333333333333333
carpina,4.1
parobe,4.75
sao joao do triunfo,3.3333333333333335
itupiranga,5.0
cumari,5.0
garuva,4.6
retirolandia,5.0
embu,4.545454545454546
vitoria,4.0078740157480315
rio novo do sul,4.666666666666667
rio azul,4.0
rio pardo de minas,4.6
dois vizinhos,4.428571428571429
parelhas,4.0
sapucaia,3.6666666666666665
bom jesus do norte,4.25
novo sao joaquim,4.0
guarabira,3.7
paranaiguara,5.0
ibicarai,4.8
morada nova de minas,4.333333333333333
fundao,4.0
santa fe,4.0
maragogipe,3.5
mascote,4.5
arantina,1.0
embauba,4.0
santo antonio do planalto,4.0
tangara,5.0
florianopolis,3.9790940766550524
santana de parnaiba,4.118279569892473
uruacu,4.470588235294118
itapaci,2.75
uruana de minas,4.0
tuiuti,5.0
sao mateus do sul,4.466666666666667
raul soares,4.333333333333333
jamaica,5.0
nova roma do sul,1.0
santa branca,3.3333333333333335
ibira,4.714285714285714
sape,4.5
pau dos ferros,4.222222222222222
presidente tancredo neves,4.25
apuarema,4.0
estrela d'oeste,5.0
jandaia,4.0
ferreiros,5.0
minas do leao,5.0
picarra,5.0
anicuns,4.625
anchieta,4.411764705882353
fernao,4.0
campo belo,4.428571428571429
palma,4.75
formoso,5.0
fartura,3.8
colider,3.625
caraubas,4.0
sales,4.6
princesa isabel,1.0
junco do serido,5.0
terra rica,4.285714285714286
jucas,1.0
campo alegre do fidalgo,1.0
aguas vermelhas,3.3333333333333335
urucurituba,3.5
pontal do parana,4.5
itumbiara,4.388888888888889
patos de minas,4.00990099009901
buritizeiro,3.888888888888889
igaratinga,5.0
portela,5.0
santo amaro,3.6
ibipeba,1.0
cubati,4.0
ladario,4.0
balneario arroio do silva,4.5
rolim de moura,4.571428571428571
cacequi,2.25
urandi,3.0
palmares paulista,5.0
coronel joao pessoa,5.0
juripiranga,5.0
vargem grande,5.0
cruz alta,4.363636363636363
penha,3.9411764705882355
itinga,4.666666666666667
milagres,4.5
apiai,4.333333333333333
jacinto,5.0
campo verde,3.9
uruoca,3.0
bela vista de goias,4.142857142857143
diogo de vasconcelos,5.0
alagoa,3.0
nortelandia,4.0
boa vista do gurupi,2.0
anhandui,5.0
guairaca,1.0
cassia dos coqueiros,4.0
natal,3.9903846153846154
joinville,3.9849056603773585
urutai,3.3333333333333335
tombos,3.2
camocim de sao felix,4.5
sao francisco do humaita,1.0
telemaco borba,4.0
conselheiro pena,4.466666666666667
quata,4.538461538461538
nossa senhora das dores,4.0
coronel pacheco,5.0
pirapozinho,4.571428571428571
tomazina,5.0
teixeiras,3.2857142857142856
itaueira,3.0
concordia do para,3.3333333333333335
vieiras,5.0
curvelandia,5.0
pedro de toledo,4.0
santo antonio,1.0
lamarao,2.0
sao jose do campestre,4.0
ibitiara,3.0
sao jose,3.764705882352941
dourado,4.333333333333333
quintana,4.5
guarani,4.125
cabeceira grande,4.0
arrozal,4.333333333333333
oeiras do para,4.5
sao ludgero,3.3333333333333335
alhandra,4.0
irani,4.0
ibiraja,2.6666666666666665
brazopolis,4.833333333333333
afranio,4.0
brasilandia,5.0
rio rufino,5.0
nova ipixuna,1.0
sento se,5.0
tome-acu,3.0
carmolandia,4.0
piquerobi,5.0
ribeirao preto,4.209708737864077
icem,4.555555555555555
videira,3.8297872340425534
paranavai,4.212765957446808
tapera,5.0
maria da fe,4.333333333333333
piedade de caratinga,4.714285714285714
porto calvo,5.0
ipanema,4.142857142857143
paulistana,4.666666666666667
cocais,5.0
abaiara,4.5
rio piracicaba,4.5
angical do piaui,4.0
maravilhas,4.75
minas novas,4.0
carnaubais,4.5
ferros,4.5
tabira,3.6
nova padua,5.0
corguinho,5.0
bodo,5.0
trabiju,3.0
timoteo,4.181818181818182
sao vicente,4.096385542168675
adamantina,3.9166666666666665
colniza,5.0
veranopolis,3.888888888888889
joanopolis,4.285714285714286
jesuania,3.4
umuarama,3.951219512195122
banabuiu,5.0
unai,4.072727272727272
jaguaracu,5.0
holambra,3.9166666666666665
rolante,4.2
piacabucu,5.0
santo antonio do taua,5.0
sarutaia,5.0
ibipitanga,5.0
senador modestino goncalves,4.0
formigueiro,3.0
rio dos indios,5.0
alto sao joao,5.0
silvano,5.0
montadas,2.0
cacapava do sul,3.0
sao jose de uba,4.0
nhandeara,3.625
santa rita do araguaia,4.714285714285714
ibate,4.3076923076923075
arraial d'ajuda,4.25
sao jose de mipibu,5.0
piranhas,4.5
itaoca,4.666666666666667
quixeramobim,4.333333333333333
ocara,2.5
fagundes,5.0
itapagipe,4.4
anita garibaldi,3.8
dom vicoso,4.0
catas altas,4.8
carmopolis,3.0
botelho,4.0
cacaulandia,5.0
apiacas,5.0
lourdes,5.0
cachoeira do brumado,5.0
oscar bressane,5.0
pau brasil,3.0
maquine,5.0
brasilia de minas,4.777777777777778
matias barbosa,4.142857142857143
sao joaquim,3.7777777777777777
presidente castello branco,5.0
campestre da serra,5.0
presidente kennedy,5.0
cotipora,5.0
zacarias,4.0
alcobaca,4.75
maximiliano de almeida,4.333333333333333
tucano,4.5
catigua,3.1666666666666665
carmo de minas,3.6666666666666665
ladainha,5.0
jacuipe,5.0
uniao dos palmares,3.5
cotegipe,2.0
santa isabel do rio preto,5.0
barra do garcas,4.2
diadema,3.965156794425087
uberaba,4.44559585492228
cordeiros,2.0
guaruja do sul,3.5
matao,4.5
bacabal,4.0
alto rio doce,4.0
rodeio bonito,4.5
cassilandia,4.8
sao benedito do sul,5.0
congonhal,5.0
rio manso,4.8
cocos,5.0
rio grande do piaui,3.0
joaquim pires,4.0
campo bonito,3.0
ponte alta do norte,5.0
serra bonita,3.0
navegantes,4.548387096774194
guaicara,4.625
bituruna,4.6
aurea,5.0
itapecerica,4.3076923076923075
itabera,4.714285714285714
presidente prudente,4.171779141104294
andradas,3.9166666666666665
nova granada,4.368421052631579
costa marques,3.0
baturite,5.0
telha,5.0
bodoquena,5.0
canitar,3.0
pianco,5.0
campinapolis,3.6666666666666665
agisse,5.0
miradouro,5.0
trombas,5.0
americana,4.2
chavantes,4.583333333333333
sao leopoldo,4.123809523809523
ribeirao das neves,4.099009900990099
patos,4.3125
itaja,4.666666666666667
nova brasilandia d'oeste,5.0
quadra,5.0
bonfinopolis de minas,3.0
joaquim tavora,3.6666666666666665
guarei,4.8
nova olinda do maranhao,4.0
arenopolis,4.0
panambi,3.823529411764706
custodia,3.2
tres fronteiras,4.8
mandirituba,4.5
trancoso,4.166666666666667
paranacity,5.0
sao geraldo do baguari,4.0
nova floresta,1.0
ibiai,3.3333333333333335
estrela velha,5.0
nova palma,4.5
icatu,5.0
vila flor,3.0
taquarituba,4.0
itaipava,4.25
caruaru,4.328125
resplendor,3.9
luis correia,5.0
pedra do indaia,4.0
sao felix do coribe,5.0
estrela do sul,3.0
carire,5.0
marcelino vieira,1.0
picarras,5.0
brejo do cruz,5.0
meridiano,4.0
adhemar de barros,1.0
guaratinga,4.5
sao sebastiao do paraiso,4.0
taubate,4.076923076923077
itaborai,3.8333333333333335
paranaiba,3.8666666666666667
querencia,4.4
juazeiro do norte,3.588235294117647
varginha,4.344444444444444
santo augusto,3.4444444444444446
prudente de morais,2.4
cacoal,3.4615384615384617
seara,3.3333333333333335
cajobi,5.0
jurema,4.0
sales oliveira,4.666666666666667
ventania,4.666666666666667
severinia,4.0
portelandia,4.5
tocantins,4.166666666666667
tacaratu,3.0
sertao santana,5.0
itabatan,3.0
sede alvorada,5.0
santo antonio do aventureiro,4.0
lucelia,4.5
xique-xique,4.0
bananeiras,3.2
palmeiras,5.0
california da barra,3.6666666666666665
sao jose da barra,4.666666666666667
itaju,5.0
sao joao de iracema,5.0
imbuia,4.75
andarai,5.0
cardoso moreira,4.166666666666667
vicosa do ceara,5.0
luiziana,5.0
caiua,4.5
mariental,5.0
alta floresta,4.583333333333333
tres pontas,4.3
maracanau,3.2432432432432434
rodeio,4.714285714285714
guarai,4.75
triunfo,4.142857142857143
santo antonio do jardim,4.4
quevedos,1.5
bombinhas,4.133333333333334
itapoa,4.333333333333333
santa rita d'oeste,4.333333333333333
igaracu do tiete,4.75
varjota,3.75
presidente alves,5.0
pedra branca,3.3333333333333335
uniao da serra,4.0
jardim de piranhas,5.0
inhapim,4.857142857142857
humildes,5.0
entre rios do oeste,4.666666666666667
padre carvalho,5.0
biguacu,3.72
iguaba grande,2.5789473684210527
janduis,2.0
sao sebastiao de campos,4.0
vargem grande do rio pardo,5.0
sabino,4.0
marataizes,4.625
neopolis,5.0
espinosa,4.333333333333333
itapemirim,3.5
dom pedrito,4.1
santa maria do salto,5.0
castanheira,5.0
baldim,5.0
novo alegre,5.0
macapa,4.185185185185185
ananas,5.0
orlandia,4.133333333333334
cedral,4.111111111111111
independencia,4.0
feira nova,4.4
borborema,4.555555555555555
joao pinheiro,4.0625
piedade dos gerais,2.6666666666666665
tiradentes do sul,5.0
vigia,4.666666666666667
ibotirama,3.142857142857143
populina,3.0
nonoai,5.0
palmeira d oeste,5.0
tibau do sul,4.0
mucuge,4.0
pavao,5.0
prudencio thomaz,5.0
jucurucu,5.0
camacho,3.0
itarema,3.0
capistrano,4.0
sanga puita,5.0
boituva,4.076923076923077
januaria,3.9545454545454546
presidente epitacio,4.260869565217392
tangara da serra,4.166666666666667
porto ferreira,4.178571428571429
alto araguaia,3.4
tiete,4.162162162162162
duere,4.0
brejo dos santos,5.0
mimoso do sul,4.1
sao mamede,5.0
rio do pires,4.25
itaquirai,3.5
corinto,4.454545454545454
alvares machado,4.75
bandeira do sul,5.0
ravena,5.0
andrelandia,4.0
altonia,4.666666666666667
piacu,3.0
bossoroca,5.0
santa leopoldina,3.0
taboquinhas,5.0
bora,5.0
sao jose dos campos,4.223665223665224
monte carmelo,4.24
aruana,5.0
inaciolandia,2.0
iraucuba,5.0
catole do rocha,3.8333333333333335
santa rita da floresta,4.0
inhauma,5.0
montalvania,4.333333333333333
lagoao,4.0
cavalcante,4.5
cravolandia,5.0
novo oriente do piaui,5.0
sertania,4.75
bom jardim de goias,1.0
tabuleiro do norte,1.0
feliz,4.5
taboao da serra,4.01328903654485
linhares,4.134328358208955
aracaju,3.7466666666666666
sao jorge do ivai,3.0
balsamo,3.6666666666666665
marituba,3.3333333333333335
igarapava,4.857142857142857
cangucu,3.6
mansidao,5.0
pojuca,4.230769230769231
paicandu,4.7
simplicio mendes,5.0
tapes,5.0
sao gabriel da palha,4.0
cabaceiras do paraguacu,3.0
xangri-la,4.375
vista alegre do alto,3.6666666666666665
rio de contas,4.333333333333333
laje do muriae,1.0
aquidauana,4.0
maua da serra,5.0
campo grande do piaui,5.0
barao de cotegipe,5.0
corrego fundo,3.0
termas de ibira,5.0
sao jose do rio preto,4.2119402985074625
itaberai,2.8333333333333335
campo grande,4.136645962732919
pederneiras,4.666666666666667
mineiros,4.346153846153846
coronel joao sa,5.0
nova odessa,4.394736842105263
miracema,4.0
cachoeira da prata,3.5
vazante,5.0
conrado,5.0
guidoval,5.0
capitao andrade,5.0
dores do rio preto,3.75
governador mangabeira,4.0
quixabeira,4.333333333333333
angulo,4.333333333333333
joao camara,5.0
pintadas,4.5
guinda,5.0
julio mesquita,3.0
icaraima,5.0
montenegro,4.393939393939394
jacarei,4.097938144329897
chapeco,3.9029126213592233
bage,4.2615384615384615
carlos barbosa,4.0
novo horizonte,3.9444444444444446
itapetininga,4.115384615384615
rainha do mar,1.0
santa rita do sapucai,4.0
bom jardim,4.0588235294117645
domiciano ribeiro,4.5
sideropolis,4.25
palmitos,4.2
presidente medici,5.0
emilianopolis,5.0
morretes,3.75
botuvera,3.5
passa tempo,4.0
carbonita,4.5
campo do tenente,1.0
marechal deodoro,5.0
jaguarao,4.25
bias fortes,4.5
campina das missoes,3.5
nova esperanca do sudoeste,4.0
sao bras,5.0
guarapua,5.0
santo eduardo,5.0
tapinas,2.0
jaguapita,5.0
guarulhos,4.063758389261745
itajuba,4.25531914893617
diamantina,4.407407407407407
marau,4.791666666666667
tocos,4.5
uniao da vitoria,4.103448275862069
cesario lange,4.153846153846154
passos,4.186046511627907
olaria,5.0
diamante d'oeste,5.0
utinga,3.6
santa helena de goias,3.8
rio fortuna,3.6666666666666665
marilandia,4.625
propria,4.0
ilhota,5.0
alto bela vista,5.0
bequimao,4.0
galia,5.0
verissimo,4.666666666666667
luz,4.0
amparo da serra,2.0
agudos,4.0625
taguai,4.4
sorriso,4.15
coelho neto,4.0
treze tilias,3.6363636363636362
itu,4.213235294117647
comodoro,4.857142857142857
sao raimundo nonato,3.5714285714285716
quilometro 14 do mutum,5.0
nova veneza,3.857142857142857
santo antonio do amparo,3.75
fronteiras,4.666666666666667
confresa,5.0
sao miguel do tapuio,2.6666666666666665
boa vista da aparecida,3.75
santo antonio de goias,4.0
ibicare,5.0
salto do itarare,4.0
sitio novo,4.5
itaguaru,5.0
venda branca,5.0
vianopolis,4.333333333333333
arroio do sal,4.5
bom despacho,4.0256410256410255
campos borges,4.666666666666667
santo antonio do leverger,4.0
caraiba,2.5
mostardas,4.363636363636363
colonia leopoldina,4.5
paty do alferes,4.3076923076923075
sao joao del rei,4.343283582089552
sinimbu,3.0
roseira,4.8
chui,4.8
horizontina,3.5714285714285716
barao de cocais,3.7777777777777777
ceres,4.285714285714286
damianopolis,4.5
santana do capivari,5.0
atalanta,4.0
pedra lavrada,5.0
alto piquiri,4.0
olhos d'agua,4.0
cipo-guacu,4.0
angatuba,4.5
aruja,4.185714285714286
paula candido,5.0
conceicao da barra,1.6666666666666667
zortea,4.0
barra do bugres,4.0
rubiacea,4.5
jamapara,5.0
jacobina,3.5833333333333335
pentecoste,4.5
conceicao de macabu,4.230769230769231
alto horizonte,4.0
ribeirao do sul,4.333333333333333
batalha,4.666666666666667
ipua,4.5
silveira carvalho,5.0
ritapolis,3.6666666666666665
jatauba,3.0
palmeiras de goias,3.6666666666666665
santana do deserto,5.0
orizania,5.0
jundiai do sul,4.0
coreau,5.0
eugenio de castro,5.0
matozinhos,4.25
marechal candido rondon,3.935483870967742
ecoporanga,4.5
aluminio,3.4615384615384617
porto uniao,4.142857142857143
floriano,3.7222222222222223
ibiapina,4.666666666666667
santo cristo,3.0
goitacazes,4.2727272727272725
jaupaci,5.0
iomere,4.0
cururupu,3.0
areia,2.0
candido sales,3.6666666666666665
aparecida de goiania,4.027272727272727
volta redonda,3.8540772532188843
carangola,3.5357142857142856
alfenas,4.116279069767442
forquilha,4.75
paragominas,3.526315789473684
monte castelo,4.5
cafelandia,4.2727272727272725
fortuna,4.333333333333333
tabapora,5.0
jucurutu,4.0
sao joaquim do monte,3.0
tanque d'arca,5.0
abadia dos dourados,5.0
itambacuri,3.6666666666666665
periquito,5.0
murucupi,3.0
mombaca,5.0
sericita,4.5
claro dos pocoes,4.0
pio xii,4.0
estiva,5.0
cabo frio,3.606837606837607
petropolis,3.9
bento goncalves,4.178571428571429
penapolis,4.405405405405405
monnerat,4.0
parana,5.0
arvorezinha,4.5
santo antonio do jacinto,3.25
arroio dos ratos,4.666666666666667
cabralia paulista,4.0
pilar,3.5
ouro verde,4.333333333333333
mandaguari,4.111111111111111
santa rita de caldas,4.333333333333333
sucupira do norte,1.0
moreira sales,4.666666666666667
maribondo,5.0
buique,5.0
antonio cardoso,3.5
rio bonito do iguacu,3.5
florida,5.0
ponto do marambaia,5.0
itapirapua paulista,5.0
jeriquara,4.0
barbacena,4.222222222222222
aracatuba,4.127659574468085
rio claro,4.382165605095541
mantena,3.909090909090909
poco fundo,4.375
catalao,3.5555555555555554
cunha,4.2
garanhuns,4.387096774193548
morro do chapeu,3.7142857142857144
auriflama,4.6
itaiopolis,4.5
jequitai,5.0
jaguari,4.666666666666667
mandaguacu,3.6
saboeiro,5.0
comercinho,5.0
buriti do tocantins,5.0
pedranopolis,4.0
querencia do norte,4.0
pirajuba,4.0
bodoco,4.5
santa amelia,2.0
sao joaquim da barra,4.235294117647059
gameleiras,5.0
campo largo,4.1891891891891895
reboucas,4.5
mucuri,4.428571428571429
canhotinho,3.0
piacatu,5.0
bernardino de campos,4.75
coluna,4.666666666666667
brotas de macaubas,5.0
barra do rio azul,1.0
marilac,2.0
itapetim,3.0
groairas,4.0
resende,3.8632478632478633
criciuma,3.89247311827957
ico,3.75
nossa senhora do remedio,5.0
gaurama,5.0
panorama,4.6
ilha comprida,3.5
beberibe,3.0
cristalia,4.0
jeceaba,4.333333333333333
sao jose do calcado,4.333333333333333
acailandia,3.4285714285714284
sao bento abade,5.0
boquim,1.0
pindoba,5.0
serrita,3.0
chaval,5.0
cedro do abaete,5.0
buritizal,5.0
ribeiropolis,5.0
apora,5.0
sao miguel do cambui,5.0
ibiassuce,5.0
peruibe,3.933333333333333
bambui,4.111111111111111
rancharia,4.0
frederico westphalen,4.214285714285714
estacao,4.6
barra bonita,4.068965517241379
chapadinha,3.6666666666666665
nao-me-toque,4.333333333333333
arinos,4.625
alto rio novo,4.0
inubia paulista,5.0
isaias coelho,4.0
ribas do rio pardo,5.0
francisco badaro,3.6666666666666665
caldas brandao,4.0
manoel urbano,5.0
ibatiba,3.5555555555555554
eunapolis,3.8421052631578947
tatui,4.293333333333333
jequie,3.9444444444444446
nova monte verde,3.6666666666666665
anta,4.0
candelaria,4.0
barra de sao joao,3.076923076923077
terra nova do norte,5.0
urupa,3.6666666666666665
arraial do cabo,3.793103448275862
pecanha,4.2
grao para,4.0
pien,4.25
timbauba,3.857142857142857
fatima,4.333333333333333
tabocas do brejo velho,4.0
capao do leao,4.75
doce grande,4.0
matriz de camaragibe,5.0
franca,4.074534161490683
santa cruz do sul,4.193548387096774
aguai,4.0
araxa,3.782051282051282
rio grande da serra,4.3076923076923075
campinacu,5.0
sao jose do turvo,4.666666666666667
ouro verde de minas,3.5
riacho de santo antonio,4.0
esperantina,3.6
sao miguel,5.0
figueiropolis d'oeste,5.0
vitoria das missoes,5.0
jaraguari,3.5
confins,5.0
viseu,5.0
santa cecilia do pavao,4.0
tururu,5.0
porto alegre,3.9928109273903667
foz do iguacu,4.057471264367816
cataguases,4.181818181818182
divinolandia de minas,4.4
pranchita,5.0
cristal,3.6666666666666665
santa maria de jetiba,3.933333333333333
analandia,4.25
candido rodrigues,5.0
bananal,3.0
itaicaba,3.0
sacramento,3.5384615384615383
jose da penha,5.0
orobo,5.0
macambara,3.5
chaveslandia,3.0
buritirama,2.5
arraial d ajuda,4.0
ipueira,1.0
araguana,5.0
montes claros,4.260663507109005
baixo guandu,4.75
cambara,4.7
ouricuri,4.375
braco do rio,3.5
navirai,4.125
guararema,4.636363636363637
nova serrana,3.9019607843137254
ouro fino,4.3125
reginopolis,5.0
ibiaca,4.0
urubici,4.0
joao ramalho,4.666666666666667
serra do ramalho,4.0
agua doce,4.0
brasil novo,4.0
antunes,4.0
barro,3.25
anguera,5.0
tacuru,5.0
gloria de dourados,5.0
pirai,2.875
faxinal dos guedes,3.727272727272727
rio do antonio,4.0
capivari,4.2
ibirarema,4.2
varzea paulista,3.654320987654321
eldorado do sul,4.0
andorinha,4.4
guaramirim,4.076923076923077
nazare da mata,4.0
cabo de santo agostinho,3.8636363636363638
cambuquira,4.2
guamare,5.0
itauba,2.8
maripa,2.6666666666666665
campo maior,3.857142857142857
altos,4.2
mara rosa,4.0
miravania,5.0
santo hipolito,3.0
rancho queimado,5.0
paraopeba,3.7777777777777777
piratininga,4.111111111111111
bonfim paulista,4.388888888888889
porangatu,3.857142857142857
cardoso,3.8333333333333335
lavinia,4.5
laranjal,3.5
piranguinho,3.2222222222222223
sao gabriel do oeste,3.7142857142857144
governador celso ramos,4.666666666666667
iramaia,5.0
tuparetama,5.0
serranopolis do iguacu,5.0
monte carlo,5.0
sao jose do piaui,5.0
candido godoi,1.0
denise,4.5
santa fe de goias,4.0
senhora de oliveira,3.0
pugmil,3.0
nova esperanca do piria,4.0
amparo,4.3283582089552235
santa clara do sul,4.0
sao tome,5.0
santana do sobrado,5.0
panelas,5.0
paulino neves,1.0
tapiramuta,3.5
mairi,4.5
alvorada do gurgueia,4.0
pardinho,3.0
pinheiros,4.111111111111111
casa nova,4.0
vila bela da santissima trindade,4.0
aratiba,5.0
lencois,5.0
goianapolis,5.0
aparecida de monte alto,5.0
vila langaro,4.333333333333333
divinopolis do tocantins,4.0
charqueada,4.1
peabiru,3.2
japi,1.0
igarata,4.8
urucuca,4.0
paulo lopes,3.5
itaperuna,3.8541666666666665
cabedelo,4.0
ipira,3.9
altaneira,3.0
paraipaba,3.1666666666666665
sete barras,3.6
jacunda,4.333333333333333
itamira,5.0
quilombo,5.0
mendes pimentel,5.0
anhumas,5.0
tutoia,4.5
botucatu,4.138613861386139
sao francisco do sul,3.1176470588235294
rio paranaiba,4.0
ponto belo,5.0
capao da porteira,3.5
lindoia do sul,3.0
itororo,1.0
santo antonio do grama,5.0
cachoeira do campo,5.0
estrela do norte,4.666666666666667
lago verde,5.0
itacarambi,4.0
garrafao do norte,3.3333333333333335
romaria,3.0
sao francisco do conde,4.666666666666667
sebastiao leal,5.0
forquilhinha,4.214285714285714
armacao dos buzios,3.7586206896551726
francisco beltrao,3.980769230769231
camaragibe,3.942857142857143
casca,4.285714285714286
visconde do rio branco,4.052631578947368
sao sebastiao da grama,3.0
inhambupe,3.142857142857143
tomar do geru,4.5
tenente portela,4.666666666666667
monsenhor tabosa,4.0
nova olimpia,3.0
sud mennucci,4.6
ilha de itamaraca,4.0
madre de deus de minas,4.333333333333333
pedro osorio,3.6666666666666665
dario meira,5.0
ponto dos volantes,5.0
jaguaruna,5.0
cha de alegria,4.0
frei lagonegro,3.0
itatiaiucu,3.0
coruripe,3.3333333333333335
guamiranga,5.0
novo itacolomi,2.0
tres rios,3.825
limeira,4.219895287958115
nucleo residencial pilar,3.9
juvenilia,5.0
sao joao do piaui,5.0
xambre,4.5
campo ere,4.428571428571429
bom conselho,4.0
serra dos aimores,3.6
passo de torres,4.142857142857143
porto belo,4.555555555555555
rincao,1.0
pauliceia,2.6666666666666665
morro do ferro,5.0
peritiba,3.5
santo antonio da platina,3.5384615384615383
barreirinhas,5.0
macaubal,1.0
cajari,5.0
filadelfia,5.0
lucena,4.0
dourados,4.159420289855072
mangaratiba,3.0
pedro leopoldo,4.5
palmeira dos indios,3.625
ouro preto,3.9298245614035086
guaira,4.255813953488372
escada,4.1
barra do corda,4.285714285714286
balneario picarras,3.7
mar vermelho,5.0
indiaroba,1.0
ipu,4.0
sao bernardino,4.0
andrequice,5.0
sao jose do divino,3.0
tapurah,5.0
barreira,5.0
coite do noia,4.0
coronel macedo,5.0
porteiras,5.0
rosario do ivai,5.0
pariquera-acu,4.066666666666666
lauro muller,4.75
guaracai,4.8
minacu,3.8181818181818183
maraba,3.909090909090909
santana,3.923076923076923
desterro,2.0
pontes e lacerda,4.555555555555555
queixada,3.0
arcoverde,4.0
alvaro de carvalho,4.5
sarapui,3.0
pimenta,5.0
estreito,3.6666666666666665
caseiros,4.0
brejo bonito,5.0
virginia,5.0
vicencia,5.0
canudos,5.0
sao patricio,5.0
general maynard,4.0
balbinos,5.0
barra mansa,3.845528455284553
aracariguama,3.9
murici,4.0
brauna,4.8
caetite,3.2
nova bandeirantes,3.0
alpinopolis,4.857142857142857
mambai,5.0
guia lopes da laguna,5.0
tiros,4.666666666666667
santa maria da serra,5.0
tres irmaos,5.0
pio ix,1.0
sao roque,4.3924050632911396
saudades,4.0
quatigua,5.0
barra do pirai,3.9074074074074074
santa adelia,4.6
formoso do araguaia,2.5
miracatu,3.2
carazinho,4.166666666666667
cianorte,4.3
tramandai,3.96
bariri,4.0
paraiso,4.5
meleiro,4.666666666666667
antonio pereira,3.5
sao bento,4.0
nacip raydan,3.0
nova america da colina,5.0
santo amaro das brotas,4.0
gloria do goita,5.0
tamarana,1.0
sao roque de minas,5.0
crominia,4.0
santana de pirapama,2.0
pirassununga,4.405797101449275
presidente getulio,3.7142857142857144
cerquilho,4.666666666666667
rio verde,3.7205882352941178
almirante tamandare,4.25
socorro,4.684210526315789
sacra familia do tingua,5.0
bastos,4.705882352941177
umbauba,3.3333333333333335
junqueiropolis,4.6
barra,4.0
sao marcos,3.888888888888889
taquari,4.454545454545454
belem do sao francisco,5.0
sao bras do suacui,5.0
monte santo,3.0
iretama,4.0
caicara do norte,5.0
paripiranga,5.0
almas,4.0
iapu,3.75
santa cruz do piaui,5.0
leopolis,4.0
blumenau,4.154255319148936
muritiba,4.0
esmeraldas,4.0
brotas,4.416666666666667
arroio grande,3.3333333333333335
cerro azul,4.75
sao goncalo do amarante,4.083333333333333
morro reuter,3.6666666666666665
planura,5.0
madalena,5.0
matutina,5.0
coqueiros do sul,5.0
luminarias,4.666666666666667
aiuaba,3.0
picada cafe,5.0
inhumas,4.0625
novo repartimento,4.5
pancas,5.0
potirendaba,4.222222222222222
itacoatiara,1.0
sao domingos do araguaia,3.0
sao jose do cerrito,4.333333333333333
itapui,4.714285714285714
urai,3.3333333333333335
caiaponia,4.5
jupi,5.0
luziapolis,5.0
tuparece,3.0
barao,5.0
vargeao,5.0
nova luzitania,1.0
douradina,4.0
echapora,3.0
boa vista do burica,5.0
mogi-guacu,4.225806451612903
araquari,4.2727272727272725
mirandopolis,4.230769230769231
goioere,4.636363636363637
lajeado,4.245283018867925
aguas de lindoia,4.130434782608695
colonia vitoria,3.2
terezinha,2.0
santa rita de minas,5.0
herval d'oeste,4.444444444444445
maranguape,4.666666666666667
glorinha,4.0
vitorino freire,5.0
lagoa,1.0
liberato salzano,5.0
sorocaba,4.238244514106583
guarapari,4.044776119402985
indaial,4.346153846153846
felipe guerra,5.0
santo angelo,4.1521739130434785
quitandinha,5.0
iconha,4.4
varzedo,5.0
rio largo,4.166666666666667
imbe,4.384615384615385
ribeirao bonito,3.7142857142857144
carmo da cachoeira,3.75
sao paulo do potengi,5.0
correntina,3.0
poloni,4.333333333333333
sao mateus de minas,5.0
novo barreiro,5.0
teixeira,4.0
martins,5.0
belford roxo,3.5982142857142856
pinhalzinho,3.9523809523809526
bicas,5.0
betim,4.122549019607843
casimiro de abreu,4.7
brejo da madre de deus,4.25
votuporanga,4.603174603174603
virginopolis,3.875
coribe,4.625
caninde,4.166666666666667
tupi paulista,2.6666666666666665
jardim,4.6
ascurra,3.75
catu,3.1
alvinopolis,4.2727272727272725
ararangua,4.277777777777778
seabra,4.5
nova timboteua,3.0
caarapo,3.25
cajuri,5.0
fontoura xavier,4.0
ipueiras,3.3333333333333335
manfrinopolis,4.0
igrapiuna,4.0
itagi,3.0
abaira,5.0
arapongas,4.114285714285714
andradina,4.0
sao francisco de assis,2.5
descalvado,4.6923076923076925
sarzedo,4.666666666666667
buenopolis,3.2
senador canedo,4.0
itapejara d'oeste,4.833333333333333
campina verde,4.9
campinorte,3.7142857142857144
canapolis,5.0
paco do lumiar,2.7142857142857144
alfredo vasconcelos,4.666666666666667
carmo do cajuru,4.1
vanini,5.0
ponte serrada,3.0
icapui,4.4
pirenopolis,4.0
boa vista do cadeado,3.0
guapiacu,4.166666666666667
pacatuba,3.4
novo lino,5.0
barra do jacare,5.0
tecainda,5.0
redencao do gurgueia,2.0
sao clemente,5.0
americo de campos,5.0
correntes,5.0
maioba,1.0
ipora,4.333333333333333
juatuba,4.25
quixelo,4.5
itaguacu,3.888888888888889
jose bonifacio,4.166666666666667
iaras,5.0
passagem franca,1.0
ciriaco,5.0
abadiania,4.0
antonio goncalves,5.0
sao francisco do brejao,4.0
angustura,5.0
lagoa dos patos,5.0
rubim,4.666666666666667
morro do pilar,5.0
itatiba do sul,4.0
uba,4.0
sao miguel do oeste,3.9
cruzeiro,4.017857142857143
sandolandia,5.0
encruzilhada do sul,4.5
sao luis de montes belos,4.0
goias,4.625
bom jesus do itabapoana,3.5714285714285716
peixoto de azevedo,4.5
martins soares,4.5
botupora,5.0
dois riachos,5.0
pendencias,5.0
motuca,2.3333333333333335
colmeia,5.0
lupercio,3.6666666666666665
perpetuo socorro,4.5
itau,4.0
macambira,4.0
ipaporanga,3.0
itarantim,4.333333333333333
guape,1.0
vale do sol,5.0
tunas do parana,3.5
rio tinto,3.0
benedito leite,4.0
monte bonito,5.0
urussanga,4.3
sao joao nepomuceno,3.466666666666667
juazeiro,3.5681818181818183
caete,4.407407407407407
santa cruz da conceicao,4.25
santa isabel do para,4.5
carinhanha,4.0
lajedo,4.428571428571429
quixada,4.0
rondon do para,3.4444444444444446
sao joaquim de bicas,4.125
miranorte,3.5
angelica,5.0
maracana,3.0
ipecaeta,5.0
mira estrela,4.0
guapirama,5.0
ourem,1.0
itarare,4.0344827586206895
piracuruca,5.0
sao simao,4.5625
cornelio procopio,4.375
barauna,4.0
candiota,5.0
porto velho,3.9911504424778763
cachoeira alta,4.5
cambui,3.909090909090909
cidade ocidental,4.125
palmares do sul,4.833333333333333
governador eugenio barros,2.0
buerarema,2.5
nossa senhora do o,3.0
paudalho,4.5
flores de goias,5.0
pequi,4.0
carnauba dos dantas,4.0
lagoa do carro,3.5
queiroz,5.0
macae,3.5726141078838176
bom jesus dos perdoes,3.6842105263157894
ivora,5.0
tocantinopolis,4.428571428571429
santa albertina,4.571428571428571
eloi mendes,4.3
inacio martins,4.6
juara,4.0
dom feliciano,4.6
coqueiro baixo,4.5
joviania,4.2
nossa senhora de lourdes,5.0
indiara,3.75
cupira,2.0
farroupilha,4.285714285714286
sao mateus,4.3125
sapiranga,3.769230769230769
paraibuna,4.4
tabuleiro,5.0
nova santa rosa,4.0
sao thome das letras,3.5
guaranta do norte,4.6
mato verde,5.0
ribeirao do pinhal,4.4
vargem alegre,2.3333333333333335
imbau,5.0
pouso alto,5.0
frei gaspar,5.0
condor,4.0
pequizeiro,3.0
nova itaberaba,3.5
rio real,4.666666666666667
feliz deserto,4.0
campo alegre de goias,3.0
jacareacanga,1.0
atalaia,3.0
itatiaia,4.111111111111111
ribeirao pires,4.146788990825688
mococa,4.257142857142857
mirassol,4.137931034482759
morungaba,4.714285714285714
salto do jacui,4.0
tupaciguara,4.384615384615385
rio preto,4.75
nuporanga,5.0
monte azul,4.6
paraiso do norte,4.333333333333333
canelinha,4.5
jacare,4.125
reriutaba,3.0
polo petroquimico de triunfo,5.0
suzanapolis,5.0
piratuba,3.6666666666666665
paial,5.0
iati,4.666666666666667
santa maria do suacui,4.5
picui,4.0
ribeiraozinho,5.0
esteio,3.731707317073171
primavera do leste,4.357142857142857
rinopolis,3.6666666666666665
lindolfo collor,5.0
cristais,5.0
araputanga,4.75
turvelandia,5.0
buriti,1.0
jordania,5.0
conceicao do caninde,5.0
serra talhada,4.6
serra do salitre,5.0
limeira do oeste,4.5
cambira,3.5
vargem,2.0
antonina do norte,1.0
alvares florence,5.0
novo oriente de minas,2.0
sao fernando,1.0
agrestina,4.0
tracunhaem,3.0
cafeara,1.0
guaruja,4.092511013215859
tupa,4.339622641509434
rolandia,3.925925925925926
ponta grossa,4.391608391608392
terra roxa,3.4285714285714284
palhoca,3.8105263157894735
ipumirim,5.0
paramirim,3.8
aguas formosas,4.2
paraguacu,3.8461538461538463
teodoro sampaio,4.538461538461538
siqueira campos,4.666666666666667
capao do cipo,4.333333333333333
tanhacu,4.25
sao joao do ivai,5.0
carolina,4.0
senador salgado filho,5.0
jaua,5.0
cerro negro,1.0
marialva,4.0625
vila velha,3.844311377245509
bebedouro,4.333333333333333
pato branco,4.264150943396227
desembargador otoni,3.0
maravilha,3.5833333333333335
santa cecilia,3.7142857142857144
aparecida de sao manuel,5.0
santos dumont,4.363636363636363
arapei,4.5
pacajus,2.8333333333333335
mari,4.666666666666667
raposo,2.0
brasilandia de minas,1.0
porto acre,5.0
aparecida do rio negro,5.0
vila nelita,4.5
natercia,4.0
paulistania,5.0
sangao,5.0
capela,3.6666666666666665
lindoeste,4.5
altamira do parana,5.0
nazario,4.0
nova roma,5.0
alianca,4.0
assis,4.529411764705882
torrinha,4.0
engenheiro passos,5.0
turmalina,3.6
bemposta,5.0
santa rita do ibitipoca,4.5
conceicao,4.0
muliterno,3.0
sao goncalo do abaete,5.0
salgado filho,5.0
taquarucu do sul,5.0
itaparica,5.0
pouso novo,5.0
alagoa nova,5.0
flora rica,5.0
girua,4.1
mossamedes,5.0
missal,5.0
cosmorama,4.666666666666667
sao jose do vale do rio preto,4.5
pratapolis,5.0
tres barras,5.0
ivinhema,3.3333333333333335
dionisio,5.0
itobi,5.0
santa luzia do norte,5.0
california,2.5
manoel viana,5.0
mariapolis,1.0
agua limpa,1.0
central de santa helena,5.0
divinesia,5.0
lorena,4.433734939759036
inga,5.0
ouroeste,3.8181818181818183
goianira,4.625
simoes filho,3.5714285714285716
caucaia,3.857142857142857
itueta,3.0
itapecuru mirim,4.25
perola,5.0
grupiara,4.0
campo azul,5.0
faxinalzinho,1.0
riachao do jacuipe,5.0
pontalina,4.5
sao joao do sabugi,5.0
santana da boa vista,4.5
anadia,5.0
maranhaozinho,5.0
ilha dos valadares,5.0
loreto,5.0
vitorinos,3.0
paulinia,4.166666666666667
sao bento do sul,4.333333333333333
itabirito,3.96875
vargem bonita,4.6
macedonia,3.75
mamanguape,3.1666666666666665
santana do manhuacu,5.0
nazareno,5.0
abatia,2.6666666666666665
celina,4.5
sao jorge,5.0
moju,3.5
sao domingos do norte,3.857142857142857
iraquara,3.4
rio negrinho,4.3076923076923075
lucianopolis,3.0
sao jose do belmonte,4.0
ivai,5.0
santa brigida,5.0
japoata,4.0
serra azul,1.0
cerro grande do sul,3.0
baguari,5.0
calmon,5.0
valinhos,4.209677419354839
bauru,4.141818181818182
itagiba,3.5
ipiranga do norte,5.0
poco verde,2.75
santo antonio de posse,4.85
taua,4.7
bom jesus da lapa,4.555555555555555
pocinhos,4.333333333333333
centralina,4.0
avelar,3.75
perdoes,4.444444444444445
nova petropolis,4.125
corumbatai,5.0
jaguaquara,4.0
irapua,4.5
ouro verde de goias,5.0
cascalho rico,5.0
conquista,4.714285714285714
itauna,4.333333333333333
guajara-mirim,4.333333333333333
ivate,4.666666666666667
sao gabriel,4.416666666666667
macuco de minas,5.0
bela cruz,4.75
sao miguel do guapore,4.0
santana do jacare,4.0
santa mercedes,5.0
doutor camargo,5.0
barbosa ferraz,4.75
jeronimo monteiro,4.5
silvanopolis,5.0
itaguari,5.0
jardim alegre,4.5
santa terezinha,2.5
humberto de campos,5.0
sao joao de petropolis,5.0
niquelandia,4.071428571428571
guarani das missoes,3.5
estancia,3.888888888888889
agua santa,5.0
machados,5.0
bacuri,2.6666666666666665
guaraci,3.75
mineiros do tiete,3.6666666666666665
vassouras,3.945945945945946
cidreira,4.0
passo fundo,4.176991150442478
nova lima,4.0
godoy moreira,5.0
ametista do sul,5.0
domingos martins,4.0
jauru,4.8
morada nova,4.0
itambe,4.0
munhoz,3.75
chapadao do ceu,4.1
cravinhos,4.708333333333333
chapada,3.75
alto garcas,4.0
balneario barra do sul,4.75
pocoes de paineiras,5.0
acaiaca,3.5
rio pomba,3.6666666666666665
cristiano otoni,2.5
paineiras,1.0
curaca,3.6666666666666665
mantenopolis,4.0
mairinque,4.16
londrina,4.145631067961165
viamao,3.8493150684931505
lauro de freitas,3.736842105263158
fazenda rio grande,4.482758620689655
registro,4.019230769230769
andira,4.0
toritama,4.8
sao geraldo,3.5
coronel vivida,4.2727272727272725
santo antonio do monte,3.7333333333333334
campos belos,4.285714285714286
clevelandia,5.0
getulio vargas,4.625
sao luis do paraitinga,4.0
porto alegre do norte,4.0
itanhanga,5.0
manhuacu,4.3076923076923075
angra dos reis,3.8488372093023258
tijucas,4.129032258064516
liberdade,4.666666666666667
tocos do moji,5.0
gaucha do norte,4.5
nova andradina,4.0
valao do barro,4.0
joacaba,4.076923076923077
crato,4.473684210526316
guaiba,4.064516129032258
general camara,4.0
bom repouso,4.0
aparecida d'oeste,5.0
luiz alves,3.5
mariopolis,4.0
massape,3.5
engenheiro beltrao,1.0
caracol,5.0
patrocinio paulista,3.0
ingai,1.0
passo de camaragibe,5.0
sao goncalo,3.6092233009708736
hortolandia,3.806896551724138
artur nogueira,3.840909090909091
indaiatuba,4.245551601423488
itapolis,4.464285714285714
lagoa vermelha,4.4
santa luzia,3.9
rio bonito,3.9285714285714284
itaobim,4.666666666666667
coxim,3.272727272727273
maragogi,3.4
luizlandia do oeste,5.0
dionisio cerqueira,4.666666666666667
edeia,4.25
pindorama do tocantins,4.0
tapirai,3.0
sao domingos do sul,4.0
sao sebastiao da serra,5.0
pindobacu,4.333333333333333
solonopole,4.5
miranda,5.0
itajuipe,4.666666666666667
sao domingos do maranhao,5.0
tavares,3.0
sinop,3.9782608695652173
cajamar,4.0
itapevi,4.251461988304094
pinheiral,4.071428571428571
sumidouro,3.727272727272727
tucuma,3.0
dormentes,3.0
laranjal paulista,4.588235294117647
santa salete,5.0
adustina,5.0
centenario do sul,3.25
jumirim,4.75
cruzeiro da fortaleza,4.0
areial,5.0
sao felix de minas,5.0
serrania,5.0
sao sebastiao da amoreira,5.0
sao benedito do rio preto,1.0
uirauna,4.0
guariroba,3.0
santa maria do herval,4.0
porto seguro,3.341463414634146
medeiros neto,3.857142857142857
piracanjuba,3.8
parambu,4.75
frei inocencio,4.2
juquia,3.7
salmourao,3.5
santana da vargem,3.5
riolandia,5.0
senador pompeu,4.0
borda da mata,4.5
amambai,5.0
muquem do sao francisco,5.0
brejolandia,4.0
aribice,4.0
missi,5.0
pirauba,3.6666666666666665
augustinopolis,5.0
joao dourado,5.0
brasilia,4.056252905625291
tarabai,4.6
medina,4.333333333333333
aracoiaba,3.6
guapo,4.333333333333333
senador jose porfirio,4.0
medeiros,5.0
sao pedro do ivai,4.666666666666667
machacalis,3.5
lima duarte,4.5
santa margarida,4.333333333333333
baianopolis,4.0
rio das pedras,4.0
sao luis do curu,4.5
lagoa da confusao,4.4
serrolandia,3.3333333333333335
teofilandia,4.333333333333333
porteirinha,4.4
cansancao,4.857142857142857
manoel ribas,4.0
laurentino,4.2
santana do cariri,3.0
visconde de maua,3.3333333333333335
sao pedro dos ferros,4.75
conquista d'oeste,5.0
sucesso,4.0
cerrito,5.0
sumare,3.9239130434782608
barrinha,4.095238095238095
balneario camboriu,4.2
teresina,3.8333333333333335
taperuaba,5.0
barretos,4.253333333333333
planaltina,4.4
arapoti,3.7777777777777777
miguel pereira,3.793103448275862
louveira,4.25
augusto pestana,2.5
livramento de nossa senhora,4.4
bataguassu,4.8
santa cruz de minas,4.8
dom pedro,4.666666666666667
tupancireta,4.0
bom retiro do sul,2.3333333333333335
santo antonio do palma,4.0
salto veloso,4.5
marilandia do sul,4.0
amarante,5.0
ipiabas,3.25
picos,3.6842105263157894
abaetetuba,3.5454545454545454
assis chateaubriand,3.75
vera cruz,4.0
pedra preta,4.2
maracai,3.5
sao joao batista,4.181818181818182
itaipulandia,4.666666666666667
rio dos cedros,5.0
santo antonio do rio abaixo,5.0
sao joao do sobrado,5.0
tailandia,3.75
jacarau,1.0
sao francisco do gloria,1.0
alvorada,4.125
rio doce,4.0
formosa do rio preto,5.0
luis eduardo magalhaes,3.5555555555555554
jandaia do sul,3.75
tarumirim,4.75
camanducaia,4.111111111111111
virgem da lapa,4.0
simao dias,4.714285714285714
arroio trinta,4.0
santo antonio dos campos,5.0
rio maria,3.4
cruz machado,5.0
seberi,4.5
ouro,1.0
fortim,2.0
porto murtinho,5.0
curitiba,4.187540983606557
santa cruz do rio pardo,4.714285714285714
ponte nova,4.048780487804878
rio das ostras,3.6350364963503647
nova laranjeiras,2.0
teofilo otoni,4.24
cedro de sao joao,3.6666666666666665
antonio prado,3.6
cordeiropolis,3.9375
agua boa,4.333333333333333
camapua,4.166666666666667
angicos,4.0
santa terezinha de itaipu,4.666666666666667
saltinho,3.6
joao lisboa,4.8
sao francisco,4.111111111111111
santa maria do para,4.5
santa juliana,3.5555555555555554
santa clara d'oeste,4.0
ibiara,5.0
aracuai,3.7777777777777777
sabaudia,5.0
piratini,5.0
pastos bons,5.0
neves paulista,4.0
vicente dutra,5.0
planaltina de goias,5.0
paula freitas,5.0
leme,4.2
chacara,5.0
seropedica,3.6363636363636362
apuiares,5.0
oriente,4.333333333333333
nova canaa do norte,4.666666666666667
agudo,5.0
jandaira,4.5
caninde de sao francisco,2.0
caldeirao grande,5.0
pantano grande,5.0
conceicao do tocantins,4.666666666666667
pedras altas,4.0
pocoes,4.0
irupi,3.0
niteroi,3.9277389277389276
vinhedo,4.105263157894737
japeri,4.029411764705882
bom jesus do querendo,5.0
jacarezinho,4.470588235294118
xanxere,4.413793103448276
igapora,1.0
tanabi,4.0
camamu,4.0
capela de santana,4.5
conceicao do araguaia,4.428571428571429
charqueadas,4.235294117647059
nova lacerda,5.0
sume,4.666666666666667
herculandia,4.333333333333333
curuca,4.666666666666667
oroco,4.666666666666667
colonia jordaozinho,3.0
parai,4.666666666666667
santa barbara d oeste,3.0
paraju,2.0
carnaubal,4.5
nova america,5.0
coronel fabriciano,4.073170731707317
campo bom,4.027777777777778
santa vitoria,4.0
governador valadares,4.205673758865248
vila muriqui,4.285714285714286
penedo,4.222222222222222
caridade,5.0
conde,3.5
lagoa dourada,3.4
junqueiro,5.0
camocim,4.375
candeias do jamari,5.0
augusto correa,4.666666666666667
belo jardim,4.333333333333333
cruzilia,4.25
corumbatai do sul,5.0
ipe,4.5
areias,4.333333333333333
goianinha,4.666666666666667
feliz natal,5.0
lajeado grande,5.0
santa cruz de goias,3.0
miguelopolis,4.5
passa tres,4.5
araruna,4.6
mongagua,4.190476190476191
redentora,4.0
lagoa da prata,4.5
ibipora,4.416666666666667
mafra,3.9642857142857144
brejo santo,3.5
cidade gaucha,4.6
aiuruoca,3.75
nossa senhora das gracas,4.5
sao lourenco da serra,4.416666666666667
gaviao peixoto,4.5
taiacu,5.0
itaara,5.0
ipaumirim,5.0
goiania,3.9283667621776504
aripuana,3.375
santo antonio do descoberto,3.2
capinopolis,4.181818181818182
russas,4.222222222222222
aguas belas,4.333333333333333
monte siao,3.772727272727273
itirapina,4.5
canaa dos carajas,3.6666666666666665
tabapua,4.583333333333333
tupandi,5.0
colorado,4.333333333333333
baependi,4.875
manduri,4.666666666666667
goianesia do para,3.3333333333333335
aramari,5.0
lagoa do ouro,3.0
jerico,5.0
arneiroz,2.5
avai,1.0
sao joao das missoes,5.0
sao jose do serido,5.0
baixa grande,3.0
eugenopolis,4.4
guapimirim,4.625
paiva,3.5
sao jeronimo,4.428571428571429
alto do rodrigues,4.5
ribeirao cascalheira,5.0
saloa,4.666666666666667
campo alegre de minas,1.0
amapora,4.5
coracao de maria,5.0
brejo,5.0
flor da serra do sul,5.0
itambaraca,5.0
guapore,4.222222222222222
santa rosa de lima,4.333333333333333
buriti dos lopes,3.5
rubiataba,4.142857142857143
sao francisco do guapore,3.5
capanema,3.7857142857142856
conceicao das pedras,3.75
belo oriente,4.8
sao goncalo do rio preto,3.3333333333333335
monte alegre de minas,3.5
timburi,3.6
campo do meio,4.75
oliveira,4.2272727272727275
lapa,4.333333333333333
moema,5.0
pedro ii,2.0
salvador do sul,3.0
adrianopolis,5.0
santo antonio do pinhal,5.0
esmeralda,4.0
arapua,5.0
capitao leonidas marques,3.8
campo formoso,3.8181818181818183
cachoeira do sul,4.0
porto franco,3.0
araguaina,3.7560975609756095
barra de sao miguel,5.0
sao carlos do ivai,5.0
remigio,4.0
indiana,4.666666666666667
simolandia,4.5
pontalinda,4.5
jaiba,4.5
taquaracu de minas,3.0
ubajara,2.6666666666666665
potiragua,4.857142857142857
realeza,3.6666666666666665
carvalhopolis,3.6666666666666665
contenda,4.0
coromandel,3.72
corumba,3.7857142857142856
cajazeiras,3.75
itatinga,5.0
toropi,4.666666666666667
alegrete,3.9444444444444446
imperatriz,3.8
carambei,4.333333333333333
papagaios,3.75
sao pedro do iguacu,4.0
afogados da ingazeira,4.5
pedro canario,4.2
riachinho,5.0
satiro dias,2.0
quatituba,5.0
moncao,5.0
alvorada do norte,4.666666666666667
ita,4.666666666666667
ribeirao vermelho,3.0
britania,4.0
garruchos,2.0
juru,3.0
porto firme,5.0
sao vendelino,4.0
afonso claudio,4.7272727272727275
lago da pedra,3.2
itaporanga,4.285714285714286
ceara-mirim,5.0
barra do turvo,2.0
peri mirim,5.0
torres,4.294117647058823
combinado,5.0
matoes,4.0
apiaca,4.666666666666667
morro vermelho,5.0
campo do brito,5.0
sao mateus do maranhao,4.666666666666667
conceicao do formoso,5.0
dezesseis de novembro,4.0
malhador,5.0
aracati,3.909090909090909
santo amaro da imperatriz,3.3076923076923075
jeremoabo,3.5
paraisopolis,4.266666666666667
sao felix do xingu,4.5
janiopolis,3.6666666666666665
jacupiranga,4.6
nova trento,4.5
quijingue,4.0
delmiro gouveia,4.25
uniao de minas,3.0
condado,4.5
descoberto,4.666666666666667
castro alves,3.0
nova brescia,1.0
jampruca,3.0
santa fe do sul,4.2
senges,2.8
canela,4.277777777777778
cicero dantas,3.3
jaboticatubas,5.0
sao goncalo do para,3.0
rio das flores,2.8333333333333335
reserva,5.0
deodapolis,4.333333333333333
taciba,5.0
dom aquino,4.333333333333333
lamim,5.0
progresso,4.0
sao paulo das missoes,5.0
martinho campos,3.0
dois irmaos do buriti,4.0
aguia branca,3.0
aracitaba,3.0
taguatinga,4.571428571428571
itapema,4.25
itutinga,5.0
buritis,4.1875
jardinopolis,4.769230769230769
porto nacional,4.75
palma sola,4.75
capela nova,2.0
parauna,4.0
novo jardim,5.0
nova fatima,2.6
felixlandia,4.0
alto boa vista,3.6
padre paraiso,5.0
ribeira do pombal,4.5
vila nova do sul,5.0
boraceia,5.0
santo andre,4.2671660424469415
salvador,3.672785315243416
guarapuava,4.246153846153846
barreiras,3.981132075471698
mairipora,4.413333333333333
sao jose do rio pardo,3.772727272727273
iguaracu,5.0
trindade do sul,5.0
juranda,4.5
ibaiti,4.090909090909091
colorado do oeste,5.0
florestal,4.333333333333333
coremas,5.0
jose de freitas,4.333333333333333
dores de campos,4.25
cabrobo,4.166666666666667
ibateguara,3.0
governador lindenberg,4.0
carrancas,4.666666666666667
tiradentes,4.0
caldeirao grande do piaui,4.0
santa barbara do para,5.0
nobres,5.0
sao paulo,4.139622641509434
jambeiro,3.75
campo limpo paulista,4.354166666666667
david canabarro,3.5
piraju,3.8947368421052633
sao pedro da agua branca,5.0
sao miguel arcanjo,4.0
manhumirim,4.25
itaqui,4.333333333333333
santa helena,3.8333333333333335
santo antonio do itambe,3.6666666666666665
ouro preto do oeste,4.75
buriticupu,4.4
severiano melo,4.0
espigao alto do iguacu,3.5
marco,1.6666666666666667
vila flores,4.333333333333333
juruaia,3.8333333333333335
altinho,3.0
cocalzinho de goias,5.0
sao desiderio,4.0
ouvidor,1.0
vermelho novo,1.0
pacotuba,5.0
lins,4.072727272727272
tubarao,4.166666666666667
passa quatro,3.3
jacui,4.5
mariana,3.878787878787879
espigao,5.0
vargem grande do sul,3.7857142857142856
caibi,4.333333333333333
macuco,4.0
cruz,3.5714285714285716
purilandia,5.0
timbe do sul,5.0
ribeirao branco,3.0
igarape-acu,4.0
pingo-d'agua,5.0
palmopolis,5.0
nova erechim,3.3333333333333335
sao felix do araguaia,5.0
coroados,4.5
cacu,3.75
braganca,4.0
espirito santo do pinhal,4.277777777777778
raposos,4.363636363636363
jequitinhonha,4.363636363636363
fenix,5.0
santa cruz de monte castelo,4.25
alfredo wagner,5.0
apodi,3.3333333333333335
seringueiras,3.5
araripe,3.0
moeda,5.0
uruburetama,4.0
pires ferreira,5.0
braganca paulista,4.226027397260274
ipatinga,3.9767441860465116
irati,4.181818181818182
jales,4.466666666666667
prado,4.2
embu-guacu,4.130434782608695
moreno,3.8
santo expedito do sul,5.0
cajapio,5.0
itai,3.7
conceicao do mato dentro,4.166666666666667
catarina,4.666666666666667
chiapetta,5.0
diamante do norte,4.8
simao pereira,4.0
presidente olegario,4.666666666666667
sao goncalo do rio das pedras,5.0
rio do oeste,5.0
aracatu,4.0
sao domingos das dores,4.5
ubirajara,5.0
boa esperanca do iguacu,4.0
vargem grande do soturno,3.0
sao nicolau,4.0
porto feliz,4.636363636363637
ribeirao,4.0
ocaucu,4.8
cassia,3.8333333333333335
arroio do meio,4.2
marechal floriano,4.6
bataipora,5.0
prudentopolis,4.285714285714286
capetinga,5.0
porto rico,5.0
caetes,3.0
barra longa,5.0
florania,3.0
varzelandia,4.333333333333333
sao vicente ferrer,3.6666666666666665
itau de minas,4.8
campo novo do parecis,3.8125
soledade,4.875
mata verde,4.666666666666667
venda nova do imigrante,4.2
sao borja,3.888888888888889
mesquita,3.5789473684210527
pacaembu,4.166666666666667
saubara,4.0
mae do rio,3.5
vitoria de santo antao,3.933333333333333
porecatu,4.5
sombrio,3.090909090909091
maurilandia,4.25
goiatuba,3.6
porto trombetas,3.0
butia,5.0
bofete,3.3333333333333335
rodelas,3.6666666666666665
sao joao da mata,4.5
demerval lobao,5.0
arvoredo,3.0
piao,1.0
goiabeira,3.0
erebango,4.0
felisburgo,5.0
nova iguacu,3.7828054298642533
pouso alegre,4.052631578947368
formiga,4.03125
fernandopolis,4.377358490566038
francisco santos,5.0
sao lourenco,4.0285714285714285
apore,5.0
crisopolis,2.75
itapora,3.6666666666666665
taquaritinga,4.484848484848484
minduri,5.0
conceicao das alagoas,2.3333333333333335
piumhi,4.666666666666667
vereda,5.0
pedralva,5.0
caldas do jorro,4.0
maracacume,3.75
ibitita,5.0
irai de minas,4.5
andre da rocha,5.0
monte belo do sul,5.0
uniao do oeste,5.0
apucarana,4.326923076923077
saudade do iguacu,4.5
cordeiro,4.583333333333333
ze doca,2.6
valparaiso de goias,4.131578947368421
juquitiba,4.380952380952381
valenca do piaui,5.0
sooretama,4.4
unistalda,4.0
timon,3.2666666666666666
colinas,2.0
conceicao do castelo,4.4
reserva do cabacal,4.5
dom silverio,4.75
sousa,4.285714285714286
amelia rodrigues,5.0
horizonte,4.0
mendonca,4.6
matoes do norte,3.5
nova canaa,2.0
campestre,4.333333333333333
tamandare,5.0
wenceslau braz,5.0
luisburgo,3.0
roca sales,4.0
belem,3.838137472283814
cachoeiras de macacu,3.8095238095238093
munhoz de melo,3.75
mirassol d'oeste,4.5
guara,3.7
barra dos coqueiros,3.6666666666666665
corumbaiba,3.75
sobradinho,4.222222222222222
paranapanema,4.363636363636363
indianopolis,4.0
vale real,4.333333333333333
alterosa,4.666666666666667
senador guiomard,5.0
catuipe,4.0
rio casca,4.8
senhora dos remedios,5.0
marques de souza,4.0
lencois paulista,4.391304347826087
cachoeiro de itapemirim,3.879032258064516
pontal,4.461538461538462
engenheiro coelho,4.153846153846154
cruzeiro do oeste,3.7142857142857144
miranda do norte,5.0
capinzal,3.7
sao joao d'alianca,4.666666666666667
silva jardim,5.0
lobato,5.0
uniao do sul,5.0
ibertioga,5.0
sao pedro do turvo,3.5
ariranha,4.2
carmo da mata,3.8333333333333335
xambioa,3.6666666666666665
conceicao do coite,4.444444444444445
areia branca dos assis,3.3333333333333335
agua comprida,4.5
estevao de araujo,5.0
coronel martins,4.0
ouro verde do oeste,3.0
teixeira soares,2.5
ilha grande,5.0
itaguaje,4.0
sao sepe,4.5
uaua,3.25
bonfinopolis,2.0
monte alto,4.5
monte aprazivel,4.0
paranaita,4.5
sirinhaem,4.2
ubaira,3.6666666666666665
carlopolis,4.166666666666667
machadinho,1.0
vitoria do jari,4.0
planaltino,5.0
foz do jordao,2.0
gongogi,4.0
martinesia,2.0
crisolita,3.5
guaratingueta,4.18
valenca,3.9682539682539684
caraguatatuba,3.966666666666667
sao miguel do aleixo,4.0
lucas do rio verde,3.875
taiuva,3.6
araguapaz,5.0
sao sebastiao do cai,4.461538461538462
juruena,5.0
adolfo,5.0
joao neiva,4.125
aguas frias,4.0
orleans,4.75
pedrinhas paulista,4.5
colina,4.888888888888889
ipixuna do para,3.0
jaciara,4.666666666666667
carmopolis de minas,4.8
doutor ulysses,2.0
assuncao,1.0
ibiracu,5.0
piracema,5.0
corrego do ouro,5.0
livramento,1.0
caxias do sul,4.135371179039302
piracicaba,4.159891598915989
jau,4.24
gravatai,4.169642857142857
alegre,4.352941176470588
bonfim,4.0
icara,4.619047619047619
piripa,5.0
anta gorda,4.25
nova cantu,3.6666666666666665
paraiso das aguas,5.0
frutuoso gomes,5.0
erval grande,3.5
iaciara,3.0
sanclerlandia,4.75
porto dos gauchos,1.0
pium,5.0
natividade da serra,5.0
jaguariaiva,4.0
ferraz de vasconcelos,4.243243243243243
canapi,5.0
lagoa dos gatos,4.666666666666667
terra boa,4.75
prados,4.333333333333333
sao jose da bela vista,4.333333333333333
itapirapua,4.5
aurora,4.8
acarau,3.25
jose boiteux,1.0
eliseu martins,3.5
wanderley,4.0
chapada gaucha,3.75
diamantino,4.0
joaima,5.0
arealva,3.0
epitaciolandia,1.0
meruoca,3.0
laranjal do jari,5.0
morro grande,5.0
sao bonifacio,4.0
berilo,4.0
sao pedro do butia,3.0
ibia,4.111111111111111
jandira,4.136363636363637
ivoti,4.384615384615385
cachoeira de minas,3.857142857142857
ouro branco,4.095238095238095
cantagalo,4.142857142857143
sao cristovao do sul,4.0
manga,5.0
palmeirinha,5.0
canavieiras,4.5
olho d'agua das flores,3.75
alto parnaiba,4.4
itaporanga d'ajuda,4.0
ipiranga de goias,5.0
parapua,3.75
aguas claras,5.0
tejupa,5.0
itiuba,4.25
altamira,3.96
itaquaquecetuba,3.895348837209302
claudia,4.25
caieiras,4.049019607843137
osorio,4.457142857142857
pedra bela,4.666666666666667
ibirite,4.02
erechim,3.8666666666666667
crateus,4.222222222222222
taiobeiras,4.615384615384615
lajinha,3.6666666666666665
alem paraiba,3.7586206896551726
itamaraju,3.6666666666666665
campestre do maranhao,3.5
mata de sao joao,4.0
porto xavier,4.4
xavantina,4.0
monteiropolis,2.0
vera cruz do oeste,4.0
resende costa,1.6666666666666667
bras pires,4.5
indiapora,4.666666666666667
governador portela,4.5
poco de pedra,5.0
nova resende,5.0
tucurui,4.176470588235294
dracena,4.25
taio,4.1875
lagoa santa,4.15625
campos do jordao,4.037037037037037
nossa senhora do socorro,3.7857142857142856
araci,3.6666666666666665
caxambu,4.294117647058823
cachoeirinha,4.0675675675675675
posse,4.294117647058823
pato bragado,4.0
barra de santa rosa,1.5
iacanga,4.333333333333333
itapaje,4.0
sitio do quinto,3.5
hidreletrica tucurui,4.666666666666667
couto de magalhaes,4.0
goncalves dias,5.0
sao jose da boa vista,3.0
nossa senhora da gloria,4.0
capela do alto,5.0
porto grande,5.0
satubinha,4.5
ichu,5.0
pescador,4.0
saquarema,4.061224489795919
paracambi,3.9714285714285715
itapeva,4.120689655172414
senador cortes,5.0
upanema,4.666666666666667
santo estevao,4.6
glicerio,5.0
nova russas,4.285714285714286
lagoa da canoa,1.0
ituacu,4.666666666666667
pedrinopolis,5.0
imigrante,5.0
japira,3.3333333333333335
barro preto,5.0
passos maia,3.0
palmeira d'oeste,4.6
arroio do tigre,4.5
jardim olinda,5.0
ibitira,5.0
mata,5.0
caxambu do sul,5.0
santa barbara,3.769230769230769
bom principio,4.166666666666667
italva,3.5714285714285716
vicosa,4.0
jatai,3.925925925925926
sao joao do oriente,4.0
mangueirinha,3.4444444444444446
teotonio vilela,3.125
alto paraiso,4.5
sao luis do quitunde,3.0
sitio novo do tocantins,3.0
sao sebastiao do maranhao,4.666666666666667
paraiso do tocantins,4.4
luzilandia,3.6666666666666665
irece,3.6153846153846154
paulo de faria,5.0
ajuricaba,3.5
conceicao da aparecida,4.333333333333333
estrela d oeste,5.0
padre bernardo,5.0
balneario gaivota,3.3333333333333335
monte alegre de sergipe,5.0
rechan,3.0
ribeira,4.0
sao goncalo do rio abaixo,4.5
gaspar,4.133333333333334
santa isabel,3.8666666666666667
ibiuna,4.258064516129032
vespasiano,3.888888888888889
schroeder,4.333333333333333
aguas da prata,4.9
rosana,4.75
araujos,4.0
mendes,4.0
sao sebastiao do passe,4.0
alambari,5.0
catanduvas,4.666666666666667
itirucu,4.0
bom jesus do amparo,5.0
cunha pora,5.0
mirandiba,5.0
riacho de santana,3.75
holambra ii,4.6
major vieira,4.333333333333333
pirangi,3.875
paranatinga,5.0
porangaba,4.0
acajutiba,5.0
quipapa,5.0
salto,4.2
boa esperanca do sul,4.0
mario campos,4.25
ilha solteira,4.125
dores do indaia,4.142857142857143
alexandria,5.0
iuna,4.5
quatro bocas,4.6
oliveira dos brejinhos,2.5
novo planalto,5.0
dias d avila,5.0
matias olimpio,4.0
tres coracoes,3.7906976744186047
pitanga,4.333333333333333
cuite,2.5
sao tiago,3.0
pirapora,4.357142857142857
irapuru,4.333333333333333
ervalia,4.714285714285714
brejetuba,5.0
alto taquari,4.666666666666667
irineopolis,4.5
sidrolandia,4.090909090909091
paraty,3.6315789473684212
dom joaquim,3.0
santanesia,4.0
nova esperanca do sul,3.5
irara,2.5
patis,4.0
morro da garca,4.0
rio de janeiro,3.8843488304937916
matipo,3.5
joao pessoa,4.031128404669261
palmas,4.054054054054054
guaxupe,4.162162162162162
sete lagoas,4.2846153846153845
bayeux,3.857142857142857
urupes,4.4
humaita,3.5
porto real,2.875
brazabrantes,4.5
icarai de minas,5.0
mata grande,4.5
pocao,5.0
itaguara,5.0
dom macedo costa,5.0
espirito santo do turvo,3.5
delfim moreira,5.0
ibitiuva,4.0
frecheirinha,2.5
cairu,5.0
quatro pontes,5.0
palmital de minas,4.0
belo horizonte,4.09051878354204
laranjeiras do sul,4.25
tres de maio,3.9166666666666665
prata,4.0
ibiraci,5.0
santa gertrudes,4.5
cocal do sul,3.75
setubinha,4.666666666666667
imaculada,2.6666666666666665
ewbank da camara,5.0
mamonas,3.0
mae d'agua,4.0
jiquirica,1.0
mallet,4.333333333333333
monsenhor paulo,4.0
magda,5.0
vicentina,3.0
cidelandia,3.0
araraquara,4.361290322580645
pedro velho,5.0
sarandi,3.9166666666666665
sao martinho,3.6666666666666665
presidente venceslau,3.5384615384615383
bandeirantes,3.857142857142857
teolandia,4.75
urbano santos,3.2
pedra azul,4.6
mar de espanha,3.888888888888889
inhuma,3.0
sulina,4.0
sao miguel do araguaia,4.6
rio das antas,4.0
renascenca,4.75
venturosa,5.0
riacho dos machados,3.6666666666666665
conceicao do rio verde,4.8
barao ataliba nogueira,5.0
desterro de entre rios,4.0
